,日期,开盘,收盘,最高,最低,成交量,成交额,振幅,涨跌幅,涨跌额,换手率
0,2015-10-15,-0.92,-0.92,-0.92,-0.92,120,12000.0,0.0,0.0,0.0,0.02
1,2015-10-16,-0.92,-0.92,-0.92,-0.92,100,10000.0,0.0,0.0,0.0,0.01
2,2015-10-22,-0.92,-0.92,-0.92,-0.92,1000,100000.0,0.0,0.0,0.0,0.15
3,2015-10-23,-0.92,-0.92,-0.92,-0.92,1350,135000.0,0.0,0.0,0.0,0.2
4,2015-10-26,-0.92,-0.92,-0.92,-0.92,1700,170000.0,0.0,0.0,0.0,0.25
5,2015-10-27,-0.92,-0.92,-0.92,-0.92,3000,300000.0,0.0,0.0,0.0,0.45
6,2015-11-04,-0.92,-0.92,-0.92,-0.92,10,1010.0,0.0,0.0,0.0,0.0
7,2015-11-06,0.23,0.23,0.23,0.23,10,3700.0,0.0,125.0,1.15,0.0
8,2015-11-11,-0.01,-0.01,-0.01,-0.01,20,6300.0,0.0,-104.35,-0.24,0.0
9,2015-11-12,-0.07,0.07,0.07,-0.07,30,9660.0,-1400.0,800.0,0.08,0.0
10,2015-11-13,0.23,0.23,0.23,0.23,30,11100.0,0.0,228.57,0.16,0.0
11,2015-11-17,0.23,0.18,0.35,0.12,60,21740.0,100.0,-21.74,-0.05,0.01
12,2015-11-18,0.16,0.07,0.16,0.07,60,20640.0,50.0,-61.11,-0.11,0.01
13,2015-11-19,0.2,0.2,0.2,0.2,10,3650.0,0.0,185.71,0.13,0.0
14,2015-11-23,0.1,0.1,0.1,0.1,20,6800.0,0.0,-50.0,-0.1,0.0
15,2015-11-25,0.35,0.06,0.35,0.06,40,13890.0,290.0,-40.0,-0.04,0.01
16,2015-11-27,-1.22,0.1,0.1,-1.22,80,11700.0,2200.0,66.67,0.04,0.01
17,2015-11-30,0.06,0.06,0.06,0.06,10,3300.0,0.0,-40.0,-0.04,0.0
18,2015-12-01,0.01,0.07,0.1,0.01,400,129300.0,150.0,16.67,0.01,0.06
19,2015-12-02,-0.07,-0.07,0.1,-0.07,470,141400.0,242.86,-200.0,-0.14,0.07
20,2015-12-04,-0.03,-0.03,-0.03,-0.03,40,12400.0,0.0,57.14,0.04,0.01
21,2015-12-07,-0.11,-0.08,-0.03,-0.11,160,47600.0,-266.67,-166.67,-0.05,0.02
22,2015-12-08,-0.11,-0.11,-0.09,-0.11,230,67200.0,-25.0,-37.5,-0.03,0.03
23,2015-12-09,0.35,0.35,0.35,0.35,10,3990.0,0.0,418.18,0.46,0.0
24,2015-12-11,-0.08,-0.08,-0.08,-0.08,100,29800.0,0.0,-122.86,-0.43,0.01
25,2015-12-14,-0.11,-0.11,-0.11,-0.11,200,58000.0,0.0,-37.5,-0.03,0.03
26,2015-12-15,-0.09,-0.16,-0.09,-0.16,570,159750.0,-63.64,-45.45,-0.05,0.08
27,2015-12-16,-0.15,-0.15,-0.03,-0.15,460,129550.0,-75.0,6.25,0.01,0.07
28,2015-12-17,-0.03,0.01,0.01,-0.03,60,18800.0,-26.67,106.67,0.16,0.01
29,2015-12-18,-0.16,0.06,0.06,-0.16,510,143300.0,2200.0,500.0,0.05,0.08
30,2015-12-21,-0.16,-0.12,0.1,-0.16,170,49150.0,433.33,-300.0,-0.18,0.03
31,2015-12-22,-0.07,0.11,0.11,-0.07,20,6420.0,-150.0,191.67,0.23,0.0
32,2015-12-23,-0.11,-0.09,0.12,-0.11,210,61850.0,209.09,-181.82,-0.2,0.03
33,2015-12-25,0.11,0.06,0.11,0.06,20,6730.0,-55.56,166.67,0.15,0.0
34,2015-12-30,-0.11,-0.11,-0.11,-0.11,60,17460.0,0.0,-283.33,-0.17,0.01
35,2016-01-04,-0.07,-0.1,-0.05,-0.1,220,64650.0,-45.45,9.09,0.01,0.03
36,2016-01-08,-0.05,-0.03,-0.03,-0.07,240,72400.0,-40.0,70.0,0.07,0.04
37,2016-01-11,-0.07,-0.09,0.0,-0.1,300,89590.0,-333.33,-200.0,-0.06,0.04
38,2016-01-13,0.01,0.01,0.01,0.01,20,6380.0,0.0,111.11,0.1,0.0
39,2016-01-14,-0.07,-0.08,-0.07,-0.08,420,125370.0,100.0,-900.0,-0.09,0.06
40,2016-01-20,-0.07,0.0,0.0,-0.07,20,6180.0,-87.5,100.0,0.08,0.0
41,2016-01-21,-0.11,-0.11,-0.11,-0.11,100,29000.0,-9.223372036854776e+16,-2587.77,-0.11,0.01
42,2016-01-25,-0.07,-0.08,0.06,-0.08,230,69500.0,-127.27,27.27,0.03,0.03
43,2016-01-26,-0.01,0.03,0.06,-0.01,20,6450.0,-87.5,137.5,0.11,0.0
44,2016-01-27,-0.07,0.01,0.03,-0.08,110,33340.0,366.67,-66.67,-0.02,0.02
45,2016-01-28,-0.07,0.04,0.09,-0.07,90,28060.0,1600.0,300.0,0.03,0.01
46,2016-01-29,0.05,0.05,0.05,0.05,20,6580.0,0.0,25.0,0.01,0.0
47,2016-02-01,-0.07,0.1,0.15,-0.07,150,47020.0,440.0,100.0,0.05,0.02
48,2016-02-02,0.01,0.05,0.12,0.01,30,9850.0,110.0,-50.0,-0.05,0.0
49,2016-02-03,0.12,0.15,0.17,0.12,30,10570.0,100.0,200.0,0.1,0.0
50,2016-02-04,0.16,0.2,0.26,0.16,100,36490.0,66.67,33.33,0.05,0.01
51,2016-02-05,0.23,0.31,0.35,0.23,50,19470.0,60.0,55.0,0.11,0.01
52,2016-02-15,0.34,0.34,0.34,0.34,10,3980.0,0.0,9.68,0.03,0.0
53,2016-02-16,0.4,0.4,0.4,0.4,10,4100.0,0.0,17.65,0.06,0.0
54,2016-02-17,0.35,0.35,0.35,0.35,10,4000.0,0.0,-12.5,-0.05,0.0
55,2016-02-19,0.42,0.42,0.42,0.42,10,4150.0,0.0,20.0,0.07,0.0
56,2016-02-22,0.46,0.46,0.46,0.46,20,8510.0,0.0,9.52,0.04,0.0
57,2016-02-23,0.44,0.44,0.44,0.44,10,4200.0,0.0,-4.35,-0.02,0.0
58,2016-02-25,0.1,0.1,0.1,0.1,100,34000.0,0.0,-77.27,-0.34,0.01
59,2016-02-26,0.47,0.47,0.47,0.47,10,4280.0,0.0,370.0,0.37,0.0
60,2016-03-02,0.4,0.45,0.5,0.4,30,12550.0,21.28,-4.26,-0.02,0.0
61,2016-03-03,0.29,0.29,0.29,0.29,10,3850.0,0.0,-35.56,-0.16,0.0
62,2016-03-07,0.42,0.47,0.52,0.42,20,8550.0,34.48,62.07,0.18,0.0
63,2016-03-15,0.47,0.47,0.47,0.47,20,8560.0,0.0,0.0,0.0,0.0
64,2016-03-16,0.47,0.51,0.59,0.47,30,13120.0,25.53,8.51,0.04,0.0
65,2016-03-17,0.59,0.45,0.59,0.4,40,16910.0,37.25,-11.76,-0.06,0.01
66,2016-03-18,0.59,0.59,0.59,0.59,10,4560.0,0.0,31.11,0.14,0.0
67,2016-03-21,0.68,0.68,0.68,0.68,10,4780.0,0.0,15.25,0.09,0.0
68,2016-03-22,0.42,0.46,0.67,0.33,40,17000.0,50.0,-32.35,-0.22,0.01
69,2016-03-23,0.57,0.57,0.57,0.57,10,4500.0,0.0,23.91,0.11,0.0
70,2016-03-24,0.57,0.57,0.57,0.57,10,4500.0,0.0,0.0,0.0,0.0
71,2016-03-25,0.44,0.44,0.44,0.44,10,4200.0,0.0,-22.81,-0.13,0.0
72,2016-03-28,0.46,0.46,0.46,0.46,10,4250.0,0.0,4.55,0.02,0.0
73,2016-03-29,0.46,0.46,0.46,0.46,10,4250.0,0.0,0.0,0.0,0.0
74,2016-03-30,0.63,0.63,0.63,0.63,30,13980.0,0.0,36.96,0.17,0.0
75,2016-03-31,0.52,0.54,0.57,0.52,20,8900.0,7.94,-14.29,-0.09,0.0
76,2016-04-01,0.54,0.48,0.54,0.48,70,30250.0,11.11,-11.11,-0.06,0.01
77,2016-04-05,0.48,0.54,0.59,0.48,20,8850.0,22.92,12.5,0.06,0.0
78,2016-04-07,0.64,0.64,0.64,0.57,150,68920.0,12.96,18.52,0.1,0.02
79,2016-04-08,0.57,0.52,0.57,0.52,160,71400.0,7.81,-18.75,-0.12,0.02
80,2016-04-11,0.54,0.46,0.63,0.46,50,22250.0,32.69,-11.54,-0.06,0.01
81,2016-04-12,0.48,0.48,0.48,0.48,100,43000.0,0.0,4.35,0.02,0.01
82,2016-04-13,0.47,0.49,0.57,0.47,100,43490.0,20.83,2.08,0.01,0.01
83,2016-04-15,0.5,0.5,0.5,0.5,20,8700.0,0.0,2.04,0.01,0.0
84,2016-04-18,0.5,0.5,0.5,0.48,400,173700.0,4.0,0.0,0.0,0.06
85,2016-04-19,0.49,0.52,0.63,0.49,130,57180.0,28.0,4.0,0.02,0.02
86,2016-04-20,0.54,0.63,0.63,0.54,210,94290.0,17.31,21.15,0.11,0.03
87,2016-04-21,0.63,0.67,0.78,0.63,40,18980.0,23.81,6.35,0.04,0.01
88,2016-04-22,0.67,0.67,0.67,0.67,10,4750.0,0.0,0.0,0.0,0.0
89,2016-04-25,0.61,0.62,0.62,0.61,110,50900.0,1.49,-7.46,-0.05,0.02
90,2016-04-26,0.63,0.65,0.65,0.63,70,32650.0,3.23,4.84,0.03,0.01
91,2016-04-27,0.67,0.67,0.67,0.67,20,9500.0,0.0,3.08,0.02,0.0
92,2016-04-28,0.76,0.88,0.91,0.76,150,75940.0,22.39,31.34,0.21,0.02
93,2016-04-29,0.69,0.79,0.91,0.69,90,45280.0,25.0,-10.23,-0.09,0.01
94,2016-05-03,0.8,0.8,0.8,0.8,20,10100.0,0.0,1.27,0.01,0.0
95,2016-05-04,0.8,0.8,0.8,0.8,10,5050.0,0.0,0.0,0.0,0.0
96,2016-05-05,0.74,0.82,0.82,0.74,120,59200.0,10.0,2.5,0.02,0.02
97,2016-05-06,0.74,0.74,0.74,0.74,80,39200.0,0.0,-9.76,-0.08,0.01
98,2016-05-09,0.72,0.72,0.72,0.72,40,19440.0,0.0,-2.7,-0.02,0.01
99,2016-05-11,0.69,0.75,0.86,0.69,30,14800.0,23.61,4.17,0.03,0.0
100,2016-05-13,0.69,0.7,0.7,0.69,680,326760.0,1.33,-6.67,-0.05,0.1
101,2016-05-16,0.7,0.74,0.85,0.7,90,44100.0,21.43,5.71,0.04,0.01
102,2016-05-18,0.71,0.69,0.71,0.69,100,48350.0,2.7,-6.76,-0.05,0.01
103,2016-05-19,0.71,0.74,0.74,0.71,110,53400.0,4.35,7.25,0.05,0.02
104,2016-05-24,0.76,0.69,0.76,0.69,30,14550.0,9.46,-6.76,-0.05,0.0
105,2016-05-26,0.71,0.71,0.71,0.71,20,9700.0,0.0,2.9,0.02,0.0
106,2016-05-30,0.82,0.93,0.93,0.82,70,37260.0,15.49,30.99,0.22,0.01
107,2016-05-31,0.95,1.02,1.19,0.95,130,72470.0,25.81,9.68,0.09,0.02
108,2016-06-01,1.12,1.42,1.42,1.12,30,18360.0,29.41,39.22,0.4,0.0
109,2016-06-03,1.05,1.09,1.29,1.05,70,40100.0,16.9,-23.24,-0.33,0.01
110,2016-06-06,1.09,0.99,1.14,0.99,60,33930.0,13.76,-9.17,-0.1,0.01
111,2016-06-07,0.99,1.0,1.08,0.99,60,33200.0,9.09,1.01,0.01,0.01
112,2016-06-13,0.99,0.83,0.99,0.82,100,52050.0,17.0,-17.0,-0.17,0.01
113,2016-06-14,0.82,0.82,0.82,0.82,110,56100.0,0.0,-1.2,-0.01,0.02
114,2016-06-17,0.82,0.81,0.82,0.8,100,50750.0,2.44,-1.22,-0.01,0.01
115,2016-06-20,0.81,0.81,0.81,0.78,280,141840.0,3.7,0.0,0.0,0.04
116,2016-06-21,0.79,0.79,0.8,0.79,60,30200.0,1.23,-2.47,-0.02,0.01
117,2016-06-22,0.82,0.8,0.82,0.78,350,175200.0,5.06,1.27,0.01,0.05
118,2016-06-23,0.78,0.78,0.78,0.78,40,20000.0,0.0,-2.5,-0.02,0.01
119,2016-06-24,0.77,0.77,0.77,0.77,10,4990.0,0.0,-1.28,-0.01,0.0
120,2016-06-28,0.74,0.74,0.78,0.74,510,250900.0,5.19,-3.9,-0.03,0.08
121,2016-06-29,0.78,0.79,0.82,0.78,300,151000.0,5.41,6.76,0.05,0.04
122,2016-06-30,0.78,0.76,0.82,0.69,700,348000.0,16.46,-3.8,-0.03,0.1
123,2016-07-01,0.74,0.77,0.78,0.74,400,199000.0,5.26,1.32,0.01,0.06
124,2016-07-05,0.65,0.65,0.65,0.65,110,51700.0,0.0,-15.58,-0.12,0.02
125,2016-07-11,0.67,0.68,0.69,0.67,30,14300.0,3.08,4.62,0.03,0.0
126,2016-07-13,0.74,0.74,0.74,0.74,1000,490000.0,0.0,8.82,0.06,0.15
127,2016-07-14,0.65,0.65,0.65,0.65,10,4700.0,0.0,-12.16,-0.09,0.0
128,2016-07-15,0.78,0.65,0.78,0.65,640,318800.0,20.0,0.0,0.0,0.1
129,2016-07-19,0.78,0.78,0.78,0.78,900,450000.0,0.0,20.0,0.13,0.13
130,2016-08-02,0.74,0.74,0.74,0.74,10,4900.0,0.0,-5.13,-0.04,0.0
131,2016-08-18,0.57,0.57,0.57,0.57,10,4500.0,0.0,-22.97,-0.17,0.0
132,2016-08-23,0.57,0.57,0.57,0.57,50,22500.0,0.0,0.0,0.0,0.01
133,2016-09-27,0.57,0.57,0.57,0.57,300,135000.0,0.0,0.0,0.0,0.04
134,2016-09-28,0.57,0.57,0.57,0.57,700,315000.0,0.0,0.0,0.0,0.1
135,2016-09-29,0.57,0.57,0.57,0.57,20,9000.0,0.0,0.0,0.0,0.0
136,2016-10-10,0.59,0.59,0.59,0.59,40,18220.0,0.0,3.51,0.02,0.01
137,2016-10-11,0.6,0.6,0.6,0.6,20,9160.0,0.0,1.69,0.01,0.0
138,2016-10-12,0.61,0.89,1.03,0.61,380,200030.0,70.0,48.33,0.29,0.06
139,2016-10-13,1.33,1.3,1.33,1.25,270,167750.0,8.99,46.07,0.41,0.04
140,2016-10-14,1.25,1.13,1.25,1.08,310,182530.0,13.08,-13.08,-0.17,0.05
141,2016-10-17,1.08,0.99,1.08,0.99,220,122740.0,7.96,-12.39,-0.14,0.03
142,2016-10-18,0.97,0.97,0.97,0.97,20,10900.0,0.0,-2.02,-0.02,0.0
143,2016-10-19,1.02,1.02,1.02,1.02,10,5560.0,0.0,5.15,0.05,0.0
144,2016-10-20,0.95,0.99,1.0,0.93,180,98150.0,6.86,-2.94,-0.03,0.03
145,2016-10-21,0.95,0.71,0.95,0.71,500,255580.0,24.24,-28.28,-0.28,0.07
146,2016-10-24,0.75,0.69,0.78,0.65,280,136190.0,18.31,-2.82,-0.02,0.04
147,2016-10-25,0.73,0.71,0.75,0.71,200,97880.0,5.8,2.9,0.02,0.03
148,2016-10-26,0.75,0.71,0.75,0.71,80,39160.0,5.63,0.0,0.0,0.01
149,2016-10-27,0.75,0.71,0.75,0.71,40,19580.0,5.63,0.0,0.0,0.01
150,2016-10-28,0.75,0.75,0.75,0.75,20,9880.0,0.0,5.63,0.04,0.0
151,2016-10-31,0.71,0.75,0.75,0.71,100,48960.0,5.33,0.0,0.0,0.01
152,2016-11-01,0.71,0.71,0.75,0.71,180,87840.0,5.33,-5.33,-0.04,0.03
153,2016-11-02,0.75,0.71,0.75,0.71,60,29460.0,5.63,0.0,0.0,0.01
154,2016-11-03,0.69,0.69,0.69,0.69,50,23970.0,0.0,-2.82,-0.02,0.01
155,2016-11-04,0.67,0.65,0.67,0.65,40,18900.0,2.9,-5.8,-0.04,0.01
156,2016-11-07,0.63,0.63,0.63,0.63,40,18580.0,0.0,-3.08,-0.02,0.01
157,2016-11-08,0.66,0.65,0.67,0.61,100,46820.0,9.52,3.17,0.02,0.01
158,2016-11-09,0.67,0.67,0.67,0.67,10,4740.0,0.0,3.08,0.02,0.0
159,2016-11-11,0.67,0.7,0.7,0.65,100,47610.0,7.46,4.48,0.03,0.01
160,2016-11-14,0.69,0.77,0.77,0.65,280,135420.0,17.14,10.0,0.07,0.04
161,2016-11-15,0.74,0.76,0.77,0.72,160,76510.0,6.49,-1.3,-0.01,0.02
162,2016-11-16,0.72,0.77,0.77,0.72,230,109660.0,6.58,1.32,0.01,0.03
163,2016-11-17,0.75,0.7,0.75,0.67,180,84100.0,10.39,-9.09,-0.07,0.03
164,2016-11-18,0.71,0.88,0.88,0.71,760,368950.0,24.29,25.71,0.18,0.11
165,2016-11-21,0.84,0.86,0.88,0.8,420,209900.0,9.09,-2.27,-0.02,0.06
166,2016-11-22,0.82,0.86,0.86,0.82,140,70000.0,4.65,0.0,0.0,0.02
167,2016-11-23,0.82,0.86,0.88,0.82,130,65100.0,6.98,0.0,0.0,0.02
168,2016-11-24,0.82,0.97,0.97,0.82,320,163520.0,17.44,12.79,0.11,0.05
169,2016-11-28,0.91,0.95,0.95,0.91,80,41600.0,4.12,-2.06,-0.02,0.01
170,2016-11-29,0.91,0.97,0.97,0.91,210,109300.0,6.32,2.11,0.02,0.03
171,2016-11-30,0.97,0.97,1.02,0.93,220,116580.0,9.28,0.0,0.0,0.03
172,2016-12-01,0.99,0.97,0.99,0.91,300,157070.0,8.25,0.0,0.0,0.04
173,2016-12-02,0.93,0.95,0.97,0.91,170,88750.0,6.19,-2.06,-0.02,0.03
174,2016-12-05,0.95,0.95,0.95,0.95,20,10500.0,0.0,0.0,0.0,0.0
175,2016-12-06,0.97,0.97,0.97,0.97,20,10580.0,0.0,2.11,0.02,0.0
176,2016-12-07,0.97,0.95,0.99,0.91,150,78520.0,8.25,-2.06,-0.02,0.02
177,2016-12-08,0.91,0.94,0.95,0.91,80,41620.0,4.21,-1.05,-0.01,0.01
178,2016-12-09,0.91,0.95,0.95,0.91,180,93660.0,4.26,1.06,0.01,0.03
179,2016-12-12,0.92,0.95,0.95,0.91,180,93450.0,4.21,0.0,0.0,0.03
180,2016-12-13,0.95,0.97,0.97,0.91,200,104550.0,6.32,2.11,0.02,0.03
181,2016-12-14,0.97,0.97,0.97,0.93,70,36900.0,4.12,0.0,0.0,0.01
182,2016-12-15,0.97,0.98,0.98,0.93,70,36930.0,5.15,1.03,0.01,0.01
183,2016-12-16,0.93,0.97,0.99,0.92,180,94320.0,7.14,-1.02,-0.01,0.03
184,2016-12-19,0.99,1.02,1.02,0.95,160,85360.0,7.22,5.15,0.05,0.02
185,2016-12-20,1.04,1.08,1.13,1.01,370,205080.0,11.76,5.88,0.06,0.05
186,2016-12-21,1.14,1.12,1.14,1.08,200,113330.0,5.56,3.7,0.04,0.03
187,2016-12-22,1.05,1.1,1.1,1.05,80,44440.0,4.46,-1.79,-0.02,0.01
188,2016-12-23,1.05,1.1,1.1,1.05,80,44440.0,4.55,0.0,0.0,0.01
189,2016-12-26,1.05,1.1,1.1,1.05,160,88880.0,4.55,0.0,0.0,0.02
190,2016-12-27,1.13,1.08,1.13,1.08,80,44880.0,4.55,-1.82,-0.02,0.01
191,2016-12-28,1.05,1.13,1.13,1.05,220,123100.0,7.41,4.63,0.05,0.03
192,2016-12-29,1.07,1.12,1.12,1.07,120,67080.0,4.42,-0.88,-0.01,0.02
193,2016-12-30,1.1,1.1,1.1,1.05,60,33380.0,4.46,-1.79,-0.02,0.01
194,2017-01-03,1.05,1.05,1.05,1.01,140,76440.0,3.64,-4.55,-0.05,0.02
195,2017-01-05,1.05,1.06,1.06,1.05,50,27560.0,0.95,0.95,0.01,0.01
196,2017-01-06,1.03,1.03,1.03,1.03,20,10900.0,0.0,-2.83,-0.03,0.0
197,2017-01-09,1.01,1.01,1.01,1.01,10,5390.0,0.0,-1.94,-0.02,0.0
198,2017-01-10,1.01,1.16,1.16,1.01,250,139460.0,14.85,14.85,0.15,0.04
199,2017-01-11,1.14,1.22,1.22,1.11,200,115050.0,9.48,5.17,0.06,0.03
200,2017-01-12,1.19,1.19,1.24,1.17,70,40770.0,5.74,-2.46,-0.03,0.01
201,2017-01-13,1.17,1.17,1.24,1.17,160,93400.0,5.88,-1.68,-0.02,0.02
202,2017-01-16,1.16,1.14,1.2,1.1,300,171600.0,8.55,-2.56,-0.03,0.04
203,2017-01-17,1.15,1.17,1.17,1.1,240,136640.0,6.14,2.63,0.03,0.04
204,2017-01-18,1.17,1.16,1.21,1.14,390,226560.0,5.98,-0.85,-0.01,0.06
205,2017-01-19,1.21,1.16,1.21,1.14,190,109240.0,6.03,0.0,0.0,0.03
206,2017-01-20,1.19,1.23,1.23,1.19,40,23490.0,3.45,6.03,0.07,0.01
207,2017-01-23,1.23,1.17,1.23,1.17,150,87570.0,4.88,-4.88,-0.06,0.02
208,2017-01-24,1.23,1.19,1.23,1.17,90,52550.0,5.13,1.71,0.02,0.01
209,2017-01-25,1.23,1.25,1.25,1.18,90,53250.0,5.88,5.04,0.06,0.01
210,2017-01-26,1.25,1.25,1.27,1.25,40,23910.0,1.6,0.0,0.0,0.01
211,2017-02-06,1.2,1.2,1.25,1.2,60,35340.0,4.0,-4.0,-0.05,0.01
212,2017-02-07,1.25,1.25,1.25,1.25,20,11940.0,0.0,4.17,0.05,0.0
213,2017-02-08,1.28,1.31,1.33,1.28,120,73040.0,4.0,4.8,0.06,0.02
214,2017-02-09,1.36,1.35,1.39,1.35,140,87400.0,3.05,3.05,0.04,0.02
215,2017-02-10,1.33,1.46,1.46,1.33,190,119690.0,9.63,8.15,0.11,0.03
216,2017-02-13,1.38,1.48,1.48,1.38,160,102420.0,6.85,1.37,0.02,0.02
217,2017-02-14,1.37,1.45,1.45,1.37,20,12670.0,5.41,-2.03,-0.03,0.0
218,2017-02-15,1.45,1.44,1.45,1.38,70,44380.0,4.83,-0.69,-0.01,0.01
219,2017-02-16,1.45,1.43,1.49,1.37,340,218080.0,8.33,-0.69,-0.01,0.05
220,2017-02-17,1.5,1.47,1.5,1.43,140,90400.0,4.9,2.8,0.04,0.02
221,2017-02-20,1.51,1.46,1.51,1.38,230,147990.0,8.84,-0.68,-0.01,0.03
222,2017-02-21,1.51,1.46,1.54,1.46,100,65590.0,5.48,0.0,0.0,0.01
223,2017-02-22,1.44,1.43,1.48,1.42,190,122220.0,4.11,-2.05,-0.03,0.03
224,2017-02-23,1.51,1.43,1.51,1.43,70,44940.0,5.59,0.0,0.0,0.01
225,2017-02-24,1.41,1.48,1.48,1.41,20,12840.0,4.9,3.5,0.05,0.0
226,2017-02-27,1.41,1.41,1.47,1.4,130,82890.0,4.73,-4.73,-0.07,0.02
227,2017-02-28,1.39,1.41,1.47,1.37,170,107810.0,7.09,0.0,0.0,0.03
228,2017-03-01,1.45,1.42,1.45,1.37,190,120420.0,5.67,0.71,0.01,0.03
229,2017-03-02,1.43,1.39,1.43,1.35,240,150960.0,5.63,-2.11,-0.03,0.04
230,2017-03-03,1.43,1.4,1.48,1.37,490,313090.0,7.91,0.72,0.01,0.07
231,2017-03-06,1.44,1.44,1.48,1.44,150,96580.0,2.86,2.86,0.04,0.02
232,2017-03-07,1.49,1.71,1.8,1.47,910,636400.0,22.92,18.75,0.27,0.14
233,2017-03-08,1.76,1.8,1.84,1.71,530,382460.0,7.6,5.26,0.09,0.08
234,2017-03-09,1.78,1.78,1.8,1.71,90,64460.0,5.0,-1.11,-0.02,0.01
235,2017-03-10,1.7,1.79,1.79,1.7,60,42850.0,5.06,0.56,0.01,0.01
236,2017-03-13,1.79,1.75,1.79,1.65,470,334490.0,7.82,-2.23,-0.04,0.07
237,2017-03-14,1.7,1.74,1.74,1.69,170,119840.0,2.86,-0.57,-0.01,0.03
238,2017-03-15,1.65,1.74,1.77,1.65,380,269940.0,6.9,0.0,0.0,0.06
239,2017-03-16,1.7,1.74,1.74,1.7,390,275620.0,2.3,0.0,0.0,0.06
240,2017-03-17,1.7,1.74,1.79,1.7,190,135460.0,5.17,0.0,0.0,0.03
241,2017-03-20,1.7,1.73,1.79,1.7,230,164500.0,5.17,-0.57,-0.01,0.03
242,2017-03-21,1.71,1.78,1.79,1.71,270,193270.0,4.62,2.89,0.05,0.04
243,2017-03-22,1.76,1.71,1.76,1.71,30,21370.0,2.81,-3.93,-0.07,0.0
244,2017-03-23,1.7,1.73,1.74,1.7,160,113600.0,2.34,1.17,0.02,0.02
245,2017-03-24,1.71,1.8,1.8,1.7,170,121220.0,5.78,4.05,0.07,0.03
246,2017-03-27,1.73,1.76,1.8,1.73,250,179300.0,3.89,-2.22,-0.04,0.04
247,2017-03-28,1.81,1.86,1.86,1.76,90,65780.0,5.68,5.68,0.1,0.01
248,2017-03-29,1.8,1.86,1.86,1.78,440,321810.0,4.3,0.0,0.0,0.07
249,2017-03-30,1.78,1.87,1.87,1.78,230,169030.0,4.84,0.54,0.01,0.03
250,2017-03-31,1.86,1.92,1.92,1.82,340,251690.0,5.35,2.67,0.05,0.05
251,2017-04-05,1.93,1.99,2.01,1.89,520,395640.0,6.25,3.65,0.07,0.08
252,2017-04-06,1.94,2.09,2.09,1.94,290,223410.0,7.54,5.03,0.1,0.04
253,2017-04-07,2.08,2.12,2.12,2.03,70,55200.0,4.31,1.44,0.03,0.01
254,2017-04-10,2.13,2.2,2.23,2.13,730,595690.0,4.72,3.77,0.08,0.11
255,2017-04-11,2.2,2.34,2.34,2.2,760,634490.0,6.36,6.36,0.14,0.11
256,2017-04-12,2.35,2.37,2.37,2.31,310,264420.0,2.56,1.28,0.03,0.05
257,2017-04-13,2.37,2.39,2.39,2.29,270,231950.0,4.22,0.84,0.02,0.04
258,2017-04-14,2.37,2.44,2.48,2.35,610,531880.0,5.44,2.09,0.05,0.09
259,2017-04-17,2.44,2.5,2.52,2.4,510,450290.0,4.92,2.46,0.06,0.08
260,2017-04-18,2.5,2.5,2.55,2.39,280,247350.0,6.4,0.0,0.0,0.04
261,2017-04-19,2.43,2.5,2.5,2.43,260,229480.0,2.8,0.0,0.0,0.04
262,2017-04-20,2.43,2.43,2.55,2.43,160,141720.0,4.8,-2.8,-0.07,0.02
263,2017-04-21,2.39,2.5,2.5,2.39,50,44240.0,4.53,2.88,0.07,0.01
264,2017-04-24,2.43,2.46,2.5,2.43,60,52810.0,2.8,-1.6,-0.04,0.01
265,2017-04-25,2.43,2.43,2.46,2.43,60,52560.0,1.22,-1.22,-0.03,0.01
266,2017-04-26,2.36,2.41,2.41,2.36,50,43080.0,2.06,-0.82,-0.02,0.01
267,2017-04-27,2.4,2.35,2.4,2.35,30,25890.0,2.07,-2.49,-0.06,0.0
268,2017-04-28,2.4,2.54,2.56,2.39,600,530350.0,7.23,8.09,0.19,0.09
269,2017-05-02,2.56,2.46,2.56,2.4,130,114830.0,6.3,-3.15,-0.08,0.02
270,2017-05-03,2.4,2.36,2.42,2.36,90,77720.0,2.44,-4.07,-0.1,0.01
271,2017-05-04,2.36,2.41,2.41,2.3,100,85550.0,4.66,2.12,0.05,0.01
272,2017-05-05,2.35,2.42,2.42,2.3,50,42920.0,4.98,0.41,0.01,0.01
273,2017-05-08,2.35,2.5,2.5,2.35,360,315900.0,6.2,3.31,0.08,0.05
274,2017-05-09,2.39,2.46,2.46,2.39,80,69800.0,2.8,-1.6,-0.04,0.01
275,2017-05-10,2.38,2.45,2.45,2.38,160,139520.0,2.85,-0.41,-0.01,0.02
276,2017-05-11,2.49,2.59,2.59,2.45,620,554600.0,5.71,5.71,0.14,0.09
277,2017-05-12,2.5,2.63,2.63,2.48,170,153410.0,5.79,1.54,0.04,0.03
278,2017-05-15,2.5,2.65,2.65,2.37,364,225828.0,10.65,0.76,0.02,0.05
279,2017-05-16,2.55,2.6,2.6,2.43,290,182446.0,6.42,-1.89,-0.05,0.04
280,2017-05-17,2.52,2.59,2.63,2.52,204,129466.0,4.23,-0.38,-0.01,0.03
281,2017-05-18,2.51,2.59,2.59,2.51,40,25180.0,3.09,0.0,0.0,0.01
282,2017-05-19,2.51,2.58,2.63,2.51,220,139980.0,4.63,-0.39,-0.01,0.03
283,2017-05-22,2.55,2.58,2.6,2.48,364,228778.0,4.65,0.0,0.0,0.05
284,2017-05-23,2.58,2.52,2.58,2.52,250,157550.0,2.33,-2.33,-0.06,0.04
285,2017-05-24,2.47,2.46,2.52,2.4,300,184210.0,4.76,-2.38,-0.06,0.04
286,2017-05-25,2.4,2.46,2.51,2.4,162,99230.0,4.47,0.0,0.0,0.02
287,2017-05-26,2.4,2.41,2.41,2.34,90,54150.0,2.85,-2.03,-0.05,0.01
288,2017-05-31,2.46,2.47,2.47,2.4,100,61060.0,2.9,2.49,0.06,0.01
289,2017-06-01,2.47,2.37,2.47,2.37,70,42310.0,4.05,-4.05,-0.1,0.01
290,2017-06-02,2.32,2.3,2.37,2.3,290,172200.0,2.95,-2.95,-0.07,0.04
291,2017-06-05,2.3,2.35,2.35,2.26,200,117760.0,3.91,2.17,0.05,0.03
292,2017-06-06,2.3,2.4,2.4,2.25,190,112210.0,6.38,2.13,0.05,0.03
293,2017-06-07,2.25,2.37,2.37,2.16,428,249980.0,8.75,-1.25,-0.03,0.06
294,2017-06-08,2.31,2.52,2.52,2.31,1480,906760.0,8.86,6.33,0.15,0.22
295,2017-06-09,2.41,2.47,2.51,2.41,362,222622.0,3.97,-1.98,-0.05,0.05
296,2017-06-12,2.37,2.28,2.38,2.28,420,248840.0,4.05,-7.69,-0.19,0.06
297,2017-06-13,2.34,2.35,2.37,2.25,684,406590.0,5.26,3.07,0.07,0.1
298,2017-06-14,2.35,2.36,2.36,2.3,710,422570.0,2.55,0.43,0.01,0.11
299,2017-06-15,2.35,2.38,2.38,2.28,580,346560.0,4.24,0.85,0.02,0.09
300,2017-06-16,2.28,2.37,2.38,2.28,510,305290.0,4.2,-0.42,-0.01,0.08
301,2017-06-19,2.37,2.36,2.37,2.31,230,137520.0,2.53,-0.42,-0.01,0.03
302,2017-06-20,2.27,2.31,2.33,2.27,80,47110.0,2.54,-2.12,-0.05,0.01
303,2017-06-21,2.22,2.31,2.31,2.22,100,58720.0,3.9,0.0,0.0,0.01
304,2017-06-22,2.25,2.35,2.35,2.25,140,82970.0,4.33,1.73,0.04,0.02
305,2017-06-23,2.24,2.33,2.34,2.24,100,58950.0,4.26,-0.85,-0.02,0.01
306,2017-06-26,2.24,2.33,2.33,2.24,130,76230.0,3.86,0.0,0.0,0.02
307,2017-06-27,2.23,2.28,2.28,2.23,40,23220.0,2.15,-2.15,-0.05,0.01
308,2017-06-28,2.23,2.32,2.32,2.23,50,29150.0,3.95,1.75,0.04,0.01
309,2017-06-29,2.22,2.31,2.31,2.22,790,464900.0,3.88,-0.43,-0.01,0.12
310,2017-06-30,2.22,2.27,2.28,2.19,710,413680.0,3.9,-1.73,-0.04,0.11
311,2017-07-03,2.21,2.24,2.27,2.16,370,214060.0,4.85,-1.32,-0.03,0.05
312,2017-07-04,2.25,2.24,2.25,2.19,290,167800.0,2.68,0.0,0.0,0.04
313,2017-07-05,2.15,2.22,2.23,2.15,50,28640.0,3.57,-0.89,-0.02,0.01
314,2017-07-06,2.22,2.13,2.22,2.06,150,83950.0,7.21,-4.05,-0.09,0.02
315,2017-07-07,2.04,2.12,2.18,1.93,1150,624710.0,11.74,-0.47,-0.01,0.17
316,2017-07-10,2.12,2.08,2.13,2.04,410,227820.0,4.25,-1.89,-0.04,0.06
317,2017-07-11,2.08,2.08,2.08,2.0,130,71260.0,3.85,0.0,0.0,0.02
318,2017-07-12,2.07,2.04,2.07,1.98,60,32590.0,4.33,-1.92,-0.04,0.01
319,2017-07-13,2.03,2.02,2.03,1.94,460,248500.0,4.41,-0.98,-0.02,0.07
320,2017-07-14,1.93,1.92,1.98,1.85,540,284140.0,6.44,-4.95,-0.1,0.08
321,2017-07-17,1.92,2.43,2.59,1.87,830,459210.0,37.5,26.56,0.51,0.12
322,2017-07-18,2.53,3.13,3.16,2.53,390,272840.0,25.93,28.81,0.7,0.06
323,2017-07-19,2.93,2.88,2.93,2.88,140,96690.0,1.6,-7.99,-0.25,0.02
324,2017-07-20,2.9,2.9,2.91,2.82,230,157440.0,3.13,0.69,0.02,0.03
325,2017-07-24,2.67,2.67,2.67,2.67,100,65000.0,0.0,-7.93,-0.23,0.01
326,2017-07-25,2.37,1.9,2.38,1.9,330,190990.0,17.98,-28.84,-0.77,0.05
327,2017-07-26,1.9,1.96,2.25,1.44,840,439280.0,42.63,3.16,0.06,0.12
328,2017-07-27,1.84,1.87,2.08,1.84,346,178660.0,12.24,-4.59,-0.09,0.05
329,2017-07-28,1.96,1.96,1.96,1.9,130,68500.0,3.21,4.81,0.09,0.02
330,2017-07-31,1.96,1.96,1.96,1.96,90,47700.0,0.0,0.0,0.0,0.01
331,2017-08-01,2.08,2.02,2.08,2.02,150,81100.0,3.06,3.06,0.06,0.02
332,2017-08-02,1.9,1.9,1.9,1.9,50,26000.0,0.0,-5.94,-0.12,0.01
333,2017-08-03,1.9,1.9,1.9,1.9,110,57200.0,0.0,0.0,0.0,0.02
334,2017-08-04,1.9,1.91,2.22,1.84,170,87550.0,20.0,0.53,0.01,0.03
335,2017-08-07,1.9,1.9,1.9,1.9,60,31200.0,0.0,-0.52,-0.01,0.01
336,2017-08-08,1.9,1.96,2.13,1.9,450,236450.0,12.11,3.16,0.06,0.07
337,2017-08-09,1.96,1.96,1.96,1.96,30,15900.0,0.0,0.0,0.0,0.0
338,2017-08-10,1.96,1.99,2.02,1.96,40,21420.0,3.06,1.53,0.03,0.01
339,2017-08-11,2.19,2.13,2.19,2.02,260,145400.0,8.54,7.04,0.14,0.04
340,2017-08-14,2.08,2.13,2.31,2.02,420,233450.0,13.62,0.0,0.0,0.06
341,2017-08-15,2.13,2.16,2.16,2.13,350,197550.0,1.41,1.41,0.03,0.05
342,2017-08-16,2.08,2.16,2.16,2.08,90,50550.0,3.7,0.0,0.0,0.01
343,2017-08-17,2.16,2.16,2.17,2.16,30,16960.0,0.46,0.0,0.0,0.0
344,2017-08-18,2.16,2.13,2.16,2.13,100,56100.0,1.39,-1.39,-0.03,0.01
345,2017-08-21,2.16,2.22,2.22,2.16,200,113650.0,2.82,4.23,0.09,0.03
346,2017-08-22,2.19,2.27,2.31,2.19,140,81500.0,5.41,2.25,0.05,0.02
347,2017-08-23,2.25,2.24,2.25,2.22,80,46120.0,1.32,-1.32,-0.03,0.01
348,2017-08-24,2.18,2.34,2.34,2.16,30,17280.0,8.04,4.46,0.1,0.0
349,2017-08-25,2.08,2.08,2.08,2.08,90,49500.0,0.0,-11.11,-0.26,0.01
350,2017-08-28,2.08,2.08,2.08,2.08,60,33000.0,0.0,0.0,0.0,0.01
351,2017-08-29,2.08,2.08,2.08,2.08,70,38500.0,0.0,0.0,0.0,0.01
352,2017-09-01,1.9,1.9,1.9,1.9,20,10400.0,0.0,-8.65,-0.18,0.0
353,2017-09-06,2.19,2.19,2.19,2.19,30,17100.0,0.0,15.26,0.29,0.0
354,2017-09-08,2.02,2.02,2.02,2.02,60,32400.0,0.0,-7.76,-0.17,0.01
355,2017-09-11,2.02,2.02,2.02,2.02,80,43200.0,0.0,0.0,0.0,0.01
356,2017-09-12,1.9,2.02,2.22,1.84,190,101850.0,18.81,0.0,0.0,0.03
357,2017-09-13,2.02,2.05,2.13,2.02,60,32750.0,5.45,1.49,0.03,0.01
358,2017-09-19,2.05,2.12,2.13,2.05,140,77300.0,3.9,3.41,0.07,0.02
359,2017-09-21,2.12,2.13,2.13,2.12,40,22360.0,0.47,0.47,0.01,0.01
360,2017-09-25,2.13,2.13,2.13,2.13,100,55980.0,0.0,0.0,0.0,0.01
361,2017-09-26,2.13,2.1,2.13,2.08,400,222000.0,2.35,-1.41,-0.03,0.06
362,2017-09-29,2.08,2.19,2.31,1.84,150,80100.0,22.38,4.29,0.09,0.02
363,2017-10-09,2.13,2.1,2.19,2.02,522,292580.0,7.76,-4.11,-0.09,0.08
364,2017-10-10,2.19,2.2,2.22,2.08,130,73680.0,6.67,4.76,0.1,0.02
365,2017-10-11,2.13,2.16,2.16,2.13,30,16900.0,1.36,-1.82,-0.04,0.0
366,2017-10-12,2.16,2.16,2.16,2.16,50,28250.0,0.0,0.0,0.0,0.01
367,2017-10-13,2.13,2.2,2.28,2.13,50,28550.0,6.94,1.85,0.04,0.01
368,2017-10-16,2.19,2.13,2.19,2.13,50,28300.0,2.73,-3.18,-0.07,0.01
369,2017-10-17,2.08,2.08,2.08,2.08,40,22000.0,0.0,-2.35,-0.05,0.01
370,2017-10-18,2.13,2.13,2.13,2.13,50,28000.0,0.0,2.4,0.05,0.01
371,2017-10-19,2.13,2.16,2.16,2.13,390,220150.0,1.41,1.41,0.03,0.06
372,2017-10-20,2.13,2.13,2.13,2.13,60,33600.0,0.0,-1.39,-0.03,0.01
373,2017-10-25,2.31,2.35,2.49,2.28,70,41750.0,9.86,10.33,0.22,0.01
374,2017-10-26,2.35,2.33,2.37,2.26,260,154220.0,4.68,-0.85,-0.02,0.04
375,2017-10-27,2.37,2.37,2.37,2.34,60,35900.0,1.29,1.72,0.04,0.01
376,2017-10-30,2.37,2.37,2.37,2.37,40,24000.0,0.0,0.0,0.0,0.01
377,2017-10-31,2.37,2.37,2.37,2.37,20,12000.0,0.0,0.0,0.0,0.0
378,2017-11-01,2.37,2.37,2.37,2.37,60,36000.0,0.0,0.0,0.0,0.01
379,2017-11-02,2.37,2.37,2.37,2.37,180,108000.0,0.0,0.0,0.0,0.03
380,2017-11-03,2.37,2.32,2.37,2.26,210,124100.0,4.64,-2.11,-0.05,0.03
381,2017-11-08,2.31,2.31,2.31,2.31,10,5900.0,0.0,-0.43,-0.01,0.0
382,2017-11-09,2.31,2.31,2.31,2.31,10,5900.0,0.0,0.0,0.0,0.0
383,2017-11-10,2.31,2.31,2.31,2.31,30,17700.0,0.0,0.0,0.0,0.0
384,2017-11-13,2.29,2.33,2.37,2.29,40,23720.0,3.46,0.87,0.02,0.01
385,2017-11-14,2.4,2.39,2.4,2.37,50,30130.0,1.29,2.58,0.06,0.01
386,2017-11-16,2.37,2.37,2.37,2.37,10,6000.0,0.0,-0.84,-0.02,0.0
387,2017-11-22,2.25,2.25,2.43,2.25,40,23500.0,7.59,-5.06,-0.12,0.01
388,2017-11-24,2.19,2.27,2.43,2.19,30,17500.0,10.67,0.89,0.02,0.0
389,2017-11-27,2.19,2.2,2.2,2.19,70,39930.0,0.44,-3.08,-0.07,0.01
390,2017-11-28,2.37,2.33,2.37,2.25,200,118370.0,5.45,5.91,0.13,0.03
391,2017-11-29,2.25,2.29,2.31,2.25,50,29300.0,2.58,-1.72,-0.04,0.01
392,2017-11-30,2.19,2.19,2.19,2.19,20,11400.0,0.0,-4.37,-0.1,0.0
393,2017-12-01,2.22,2.22,2.22,2.22,20,11500.0,0.0,1.37,0.03,0.0
394,2017-12-13,2.2,2.2,2.2,2.19,30,17120.0,0.45,-0.9,-0.02,0.0
395,2017-12-14,2.08,2.12,2.25,2.08,50,27900.0,7.73,-3.64,-0.08,0.01
396,2017-12-15,2.16,2.16,2.16,2.16,20,11300.0,0.0,1.89,0.04,0.0
397,2017-12-18,2.25,2.25,2.25,2.25,10,5800.0,0.0,4.17,0.09,0.0
398,2017-12-19,2.1,2.1,2.1,2.1,10,5550.0,0.0,-6.67,-0.15,0.0
399,2017-12-20,2.1,2.1,2.1,2.1,10,5550.0,0.0,0.0,0.0,0.0
400,2017-12-21,2.13,2.13,2.13,2.13,10,5600.0,0.0,1.43,0.03,0.0
401,2017-12-22,2.13,2.13,2.13,2.13,10,5600.0,0.0,0.0,0.0,0.0
402,2017-12-25,2.13,2.13,2.13,2.13,30,16800.0,0.0,0.0,0.0,0.0
403,2017-12-26,2.13,2.16,2.19,2.13,34,19180.0,2.82,1.41,0.03,0.01
404,2017-12-29,2.16,2.16,2.16,2.16,80,45200.0,0.0,0.0,0.0,0.01
405,2018-01-02,2.29,2.29,2.29,2.29,30,17580.0,0.0,6.02,0.13,0.0
406,2018-01-04,2.29,2.29,2.29,2.29,60,35160.0,0.0,0.0,0.0,0.01
407,2018-01-05,2.29,2.29,2.29,2.29,30,17580.0,0.0,0.0,0.0,0.0
408,2018-01-08,2.19,2.2,2.21,2.19,90,51360.0,0.87,-3.93,-0.09,0.01
409,2018-01-09,2.18,2.16,2.22,2.08,60,33860.0,6.36,-1.82,-0.04,0.01
410,2018-01-10,2.13,2.16,2.22,2.13,40,22550.0,4.17,0.0,0.0,0.01
411,2018-01-11,2.22,2.22,2.22,2.22,20,11500.0,0.0,2.78,0.06,0.0
412,2018-01-12,2.13,2.2,2.22,2.13,90,51080.0,4.05,-0.9,-0.02,0.01
413,2018-01-16,2.13,2.13,2.13,2.13,20,11200.0,0.0,-3.18,-0.07,0.0
414,2018-01-17,2.13,2.13,2.13,2.13,50,28000.0,0.0,0.0,0.0,0.01
415,2018-01-18,2.15,2.15,2.15,2.15,100,56200.0,0.0,0.94,0.02,0.01
416,2018-01-19,2.15,2.18,2.18,2.15,50,28290.0,1.4,1.4,0.03,0.01
417,2018-01-22,2.08,2.08,2.08,2.08,20,11020.0,0.0,-4.59,-0.1,0.0
418,2018-01-25,2.09,2.13,2.13,2.09,20,11120.0,1.92,2.4,0.05,0.0
419,2018-01-26,2.13,2.13,2.14,2.13,30,16810.0,0.47,0.0,0.0,0.0
420,2018-01-29,2.14,2.15,2.15,2.14,50,28100.0,0.47,0.94,0.02,0.01
421,2018-01-30,2.15,2.16,2.16,2.15,80,45080.0,0.47,0.47,0.01,0.01
422,2018-01-31,2.16,2.16,2.16,2.16,50,28200.0,0.0,0.0,0.0,0.01
423,2018-02-08,2.16,2.16,2.16,2.16,30,16920.0,0.0,0.0,0.0,0.0
424,2018-02-12,2.14,2.14,2.14,2.14,350,196350.0,0.0,-0.93,-0.02,0.05
425,2018-02-13,2.12,2.12,2.12,2.12,10,5570.0,0.0,-0.93,-0.02,0.0
426,2018-02-27,2.22,2.22,2.22,2.22,20,11500.0,0.0,4.72,0.1,0.0
427,2018-02-28,2.22,2.13,2.22,2.13,30,17000.0,4.05,-4.05,-0.09,0.0
428,2018-03-01,2.13,2.13,2.13,2.13,10,5600.0,0.0,0.0,0.0,0.0
429,2018-03-07,2.16,2.16,2.16,2.16,10,5650.0,0.0,1.41,0.03,0.0
430,2018-03-09,2.1,2.13,2.13,2.1,60,33350.0,1.39,-1.39,-0.03,0.01
431,2018-03-12,2.13,2.13,2.13,2.13,20,11200.0,0.0,0.0,0.0,0.0
432,2018-03-13,2.13,2.13,2.13,2.13,10,5600.0,0.0,0.0,0.0,0.0
433,2018-03-20,2.13,2.13,2.13,2.13,10,5600.0,0.0,0.0,0.0,0.0
434,2018-03-28,2.13,2.13,2.13,2.13,10,5600.0,0.0,0.0,0.0,0.0
435,2018-04-03,2.13,2.12,2.13,2.12,40,22320.0,0.47,-0.47,-0.01,0.01
436,2018-04-09,2.1,2.1,2.1,2.1,20,11100.0,0.0,-0.94,-0.02,0.0
437,2018-04-13,1.78,1.78,1.78,1.78,300,150300.0,0.0,-15.24,-0.32,0.04
438,2018-04-16,1.78,1.78,1.78,1.78,204,102204.0,0.0,0.0,0.0,0.03
439,2018-04-23,2.02,2.08,2.08,2.02,100,54100.0,3.37,16.85,0.3,0.01
440,2018-04-24,2.21,2.21,2.21,2.21,20,11440.0,0.0,6.25,0.13,0.0
441,2018-04-25,2.21,2.24,2.24,2.21,110,63520.0,1.36,1.36,0.03,0.02
442,2018-04-26,2.25,2.25,2.25,2.25,50,29000.0,0.0,0.45,0.01,0.01
443,2018-04-27,2.37,2.37,2.37,2.37,20,12000.0,0.0,5.33,0.12,0.0
444,2018-05-02,2.37,2.37,2.37,2.37,10,6000.0,0.0,0.0,0.0,0.0
445,2018-05-03,2.4,2.41,2.41,2.4,20,12110.0,0.42,1.69,0.04,0.0
446,2018-05-04,2.41,2.43,2.43,2.41,30,18220.0,0.83,0.83,0.02,0.0
447,2018-05-08,2.37,2.37,2.49,2.37,220,132190.0,4.94,-2.47,-0.06,0.03
448,2018-05-09,2.37,2.37,2.37,2.37,30,18000.0,0.0,0.0,0.0,0.0
449,2018-05-10,2.47,2.4,2.47,2.37,180,108510.0,4.22,1.27,0.03,0.03
450,2018-05-11,2.49,2.53,2.53,2.49,140,86940.0,1.67,5.42,0.13,0.02
451,2018-05-14,2.55,2.58,2.58,2.55,180,114250.0,1.19,1.98,0.05,0.03
452,2018-05-15,2.61,2.61,2.61,2.61,100,64000.0,0.0,1.16,0.03,0.01
453,2018-05-16,2.59,2.57,2.59,2.57,160,101360.0,0.77,-1.53,-0.04,0.02
454,2018-05-18,2.7,2.7,2.7,2.7,10,6300.0,0.0,5.06,0.13,0.0
455,2018-05-22,2.61,2.62,2.62,2.61,450,277570.0,0.37,-2.96,-0.08,0.07
456,2018-05-23,2.63,2.63,2.63,2.63,700,433100.0,0.0,0.38,0.01,0.1
457,2018-05-25,2.61,2.61,2.61,2.61,10,6150.0,0.0,-0.76,-0.02,0.0
458,2018-05-28,2.52,2.52,2.52,2.52,10,6000.0,0.0,-3.45,-0.09,0.0
459,2018-05-29,2.58,2.58,2.58,2.58,20,12200.0,0.0,2.38,0.06,0.0
460,2018-05-30,2.55,2.55,2.55,2.55,20,12100.0,0.0,-1.16,-0.03,0.0
461,2018-06-12,2.52,2.52,2.52,2.52,160,96000.0,0.0,-1.18,-0.03,0.02
462,2018-06-13,2.4,2.4,2.4,2.4,40,23200.0,0.0,-4.76,-0.12,0.01
463,2018-06-14,2.46,2.46,2.46,2.46,230,135700.0,0.0,2.5,0.06,0.03
464,2018-06-15,2.46,2.46,2.46,2.46,40,23600.0,0.0,0.0,0.0,0.01
465,2018-06-19,2.46,2.46,2.46,2.46,250,147250.0,0.0,0.0,0.0,0.04
466,2018-06-20,2.4,2.4,2.4,2.4,320,185600.0,0.0,-2.44,-0.06,0.05
467,2018-06-21,2.4,2.4,2.4,2.4,180,104400.0,0.0,0.0,0.0,0.03
468,2018-06-22,2.4,2.4,2.4,2.4,90,52200.0,0.0,0.0,0.0,0.01
469,2018-06-26,2.43,2.43,2.43,2.43,210,122850.0,0.0,1.25,0.03,0.03
470,2018-06-27,2.43,2.43,2.43,2.43,100,58500.0,0.0,0.0,0.0,0.01
471,2018-06-28,2.43,2.43,2.43,2.43,40,23400.0,0.0,0.0,0.0,0.01
472,2018-06-29,2.52,2.52,2.52,2.52,40,24000.0,0.0,3.7,0.09,0.01
473,2018-07-03,2.44,2.44,2.44,2.44,20,11740.0,0.0,-3.17,-0.08,0.0
474,2018-07-04,2.43,2.43,2.43,2.43,20,11700.0,0.0,-0.41,-0.01,0.0
475,2018-07-05,2.43,2.43,2.43,2.43,40,23400.0,0.0,0.0,0.0,0.01
476,2018-07-10,2.44,2.44,2.44,2.44,20,11720.0,0.0,0.41,0.01,0.0
477,2018-07-11,2.44,2.44,2.44,2.44,5040,2943440.0,0.0,0.0,0.0,0.75
478,2018-07-16,2.44,2.44,2.44,2.44,40,23480.0,0.0,0.0,0.0,0.01
479,2018-07-17,2.44,2.44,2.44,2.44,30,17580.0,0.0,0.0,0.0,0.0
480,2018-07-23,2.58,2.58,2.58,2.58,30,18300.0,0.0,5.74,0.14,0.0
481,2018-07-24,2.46,2.46,2.46,2.46,200,118000.0,0.0,-4.65,-0.12,0.03
482,2018-07-25,2.52,2.52,2.52,2.52,100,60000.0,0.0,2.44,0.06,0.01
483,2018-07-26,2.52,2.52,2.52,2.52,320,192000.0,0.0,0.0,0.0,0.05
484,2018-07-27,2.52,2.52,2.52,2.52,40,24000.0,0.0,0.0,0.0,0.01
485,2018-07-31,2.69,2.8,2.89,2.43,2530,1573310.0,18.25,11.11,0.28,0.38
486,2018-08-01,2.78,2.72,2.8,2.69,120,76120.0,3.93,-2.86,-0.08,0.02
487,2018-08-02,2.69,2.69,2.71,2.68,160,100640.0,1.1,-1.1,-0.03,0.02
488,2018-08-03,2.6,2.65,2.66,2.6,190,117930.0,2.23,-1.49,-0.04,0.03
489,2018-08-06,2.64,2.65,2.65,2.64,70,43420.0,0.38,0.0,0.0,0.01
490,2018-08-07,2.57,2.62,2.62,2.52,310,188350.0,3.77,-1.13,-0.03,0.05
491,2018-08-08,2.52,2.53,2.55,2.52,110,66200.0,1.15,-3.44,-0.09,0.02
492,2018-08-09,2.58,2.58,2.66,2.55,310,190420.0,4.35,1.98,0.05,0.05
493,2018-08-10,2.64,2.56,2.65,2.54,250,152790.0,4.26,-0.78,-0.02,0.04
494,2018-08-13,2.7,2.59,2.71,2.55,360,221800.0,6.25,1.17,0.03,0.05
495,2018-08-14,2.49,2.57,2.57,2.46,480,284740.0,4.25,-0.77,-0.02,0.07
496,2018-08-15,2.57,2.47,2.58,2.43,360,214210.0,5.84,-3.89,-0.1,0.05
497,2018-08-16,2.51,2.56,2.56,2.51,1640,984010.0,2.02,3.64,0.09,0.24
498,2018-08-17,2.56,2.6,2.69,2.52,610,372030.0,6.64,1.56,0.04,0.09
499,2018-08-20,2.63,2.63,2.63,2.63,20,12360.0,0.0,1.15,0.03,0.0
500,2018-08-22,2.53,2.52,2.53,2.52,50,30020.0,0.38,-4.18,-0.11,0.01
501,2018-08-23,2.58,2.63,2.73,2.58,210,130800.0,5.95,4.37,0.11,0.03
502,2018-08-24,2.55,2.58,2.58,2.55,40,24220.0,1.14,-1.9,-0.05,0.01
503,2018-08-27,2.54,2.54,2.54,2.54,10,6030.0,0.0,-1.55,-0.04,0.0
504,2018-08-28,2.49,2.55,2.57,2.47,230,137630.0,3.94,0.39,0.01,0.03
505,2018-08-29,2.58,2.66,2.66,2.58,110,67260.0,3.14,4.31,0.11,0.02
506,2018-08-30,2.66,2.65,2.7,2.63,200,124450.0,2.63,-0.38,-0.01,0.03
507,2018-08-31,2.69,2.67,2.7,2.64,210,131280.0,2.26,0.75,0.02,0.03
508,2018-09-03,2.69,2.74,2.74,2.67,200,126410.0,2.62,2.62,0.07,0.03
509,2018-09-04,2.67,2.7,2.72,2.65,490,308470.0,2.55,-1.46,-0.04,0.07
510,2018-09-05,2.66,2.73,2.74,2.65,610,385340.0,3.33,1.11,0.03,0.09
511,2018-09-06,2.74,2.81,2.82,2.68,220,140760.0,5.13,2.93,0.08,0.03
512,2018-09-07,2.87,3.0,3.03,2.85,940,629440.0,6.41,6.76,0.19,0.14
513,2018-09-10,2.92,2.93,2.96,2.83,370,246570.0,4.33,-2.33,-0.07,0.05
514,2018-09-11,2.94,2.93,2.94,2.85,490,327260.0,3.07,0.0,0.0,0.07
515,2018-09-12,2.87,2.93,2.93,2.83,70,32830.0,3.41,0.0,0.0,0.01
516,2018-09-14,2.82,2.78,2.87,2.74,190,88250.0,4.44,-5.12,-0.15,0.03
517,2018-09-17,2.74,2.73,2.74,2.73,60,27260.0,0.36,-1.8,-0.05,0.01
518,2018-09-18,2.68,2.68,2.68,2.68,30,13410.0,0.0,-1.83,-0.05,0.0
519,2018-09-19,2.72,2.72,2.72,2.72,30,13560.0,0.0,1.49,0.04,0.0
520,2018-09-21,2.78,2.77,2.81,2.76,254,116580.0,1.84,1.84,0.05,0.04
521,2018-09-25,2.68,2.61,2.68,2.61,40,17830.0,2.53,-5.78,-0.16,0.01
522,2018-09-26,2.72,2.72,2.72,2.72,30,13560.0,0.0,4.21,0.11,0.0
523,2018-09-27,2.68,2.62,2.68,2.59,440,193940.0,3.31,-3.68,-0.1,0.07
524,2018-09-28,2.58,2.58,2.58,2.58,50,21750.0,0.0,-1.53,-0.04,0.01
525,2018-10-08,2.53,2.49,2.53,2.49,80,34150.0,1.55,-3.49,-0.09,0.01
526,2018-10-09,2.48,2.49,2.51,2.48,50,21230.0,1.2,0.0,0.0,0.01
527,2018-10-10,2.47,2.47,2.5,2.45,200,84610.0,2.01,-0.8,-0.02,0.03
528,2018-10-11,2.44,2.42,2.5,2.37,510,213170.0,5.26,-2.02,-0.05,0.08
529,2018-10-12,2.36,2.43,2.46,2.36,150,62550.0,4.13,0.41,0.01,0.02
530,2018-10-15,2.47,2.45,2.47,2.43,140,58820.0,1.65,0.82,0.02,0.02
531,2018-10-16,2.36,2.42,2.45,2.36,140,58170.0,3.67,-1.22,-0.03,0.02
532,2018-10-17,2.45,2.43,2.5,2.27,740,304800.0,9.5,0.41,0.01,0.11
533,2018-10-18,2.45,2.39,2.45,2.36,1370,553050.0,3.7,-1.65,-0.04,0.2
534,2018-10-19,2.37,2.45,2.47,2.36,220,91190.0,4.6,2.51,0.06,0.03
535,2018-10-22,2.47,2.53,2.53,2.47,3550,1351250.0,2.45,3.27,0.08,0.53
536,2018-10-23,2.53,2.51,2.53,2.49,270,115400.0,1.58,-0.79,-0.02,0.04
537,2018-10-24,2.6,2.52,2.6,2.49,70,30030.0,4.38,0.4,0.01,0.01
538,2018-10-25,2.49,2.52,2.53,2.49,270,115290.0,1.59,0.0,0.0,0.04
539,2018-10-26,2.49,2.51,2.53,2.48,320,136520.0,1.98,-0.4,-0.01,0.05
540,2018-10-29,2.55,2.55,2.55,2.55,30,12960.0,0.0,1.59,0.04,0.0
541,2018-10-30,2.62,2.8,2.85,2.62,1430,648070.0,9.02,9.8,0.25,0.21
542,2018-10-31,2.77,2.85,2.93,2.74,350,163040.0,6.79,1.79,0.05,0.05
543,2018-11-01,2.83,2.88,2.93,2.83,110,51470.0,3.51,1.05,0.03,0.02
544,2018-11-02,2.83,2.88,3.0,2.83,210,99450.0,5.9,0.0,0.0,0.03
545,2018-11-05,2.83,2.98,3.0,2.83,230,109640.0,5.9,3.47,0.1,0.03
546,2018-11-06,3.0,3.08,3.26,2.95,970,475910.0,10.4,3.36,0.1,0.14
547,2018-11-07,3.03,3.33,3.4,3.03,1410,731890.0,12.01,8.12,0.25,0.21
548,2018-11-08,3.28,3.28,3.28,3.28,50,26000.0,0.0,-1.5,-0.05,0.01
549,2018-11-09,3.27,3.23,3.27,3.2,380,194880.0,2.13,-1.52,-0.05,0.06
550,2018-11-12,3.12,3.05,3.16,3.03,140,69750.0,4.02,-5.57,-0.18,0.02
551,2018-11-13,3.08,2.98,3.08,2.96,230,111180.0,3.93,-2.3,-0.07,0.03
552,2018-11-14,3.03,3.08,3.16,3.03,434,217170.0,4.36,3.36,0.1,0.06
553,2018-11-15,3.04,3.01,3.08,2.95,650,315680.0,4.22,-2.27,-0.07,0.1
554,2018-11-16,3.03,3.06,3.06,3.03,110,53940.0,1.0,1.66,0.05,0.02
555,2018-11-20,3.06,3.06,3.06,3.06,50,24650.0,0.0,0.0,0.0,0.01
556,2018-11-21,3.03,3.03,3.03,3.03,40,19600.0,0.0,-0.98,-0.03,0.01
557,2018-11-22,2.96,3.04,3.14,2.96,350,172670.0,5.94,0.33,0.01,0.05
558,2018-11-23,3.13,3.13,3.16,3.12,140,68750.0,1.32,2.96,0.09,0.02
559,2018-11-26,3.16,3.24,3.24,3.16,300,150470.0,2.56,3.51,0.11,0.04
560,2018-11-27,3.12,3.07,3.16,3.03,280,135960.0,4.01,-5.25,-0.17,0.04
561,2018-11-28,3.03,2.97,3.07,2.95,150,71810.0,3.91,-3.26,-0.1,0.02
562,2018-11-29,2.89,2.85,2.9,2.85,320,147210.0,1.68,-4.04,-0.12,0.05
563,2018-11-30,2.79,2.79,2.82,2.78,180,81170.0,1.4,-2.11,-0.06,0.03
564,2018-12-03,2.83,2.83,2.83,2.83,20,9120.0,0.0,1.43,0.04,0.0
565,2018-12-04,2.83,2.78,2.83,2.78,140,63300.0,1.77,-1.77,-0.05,0.02
566,2018-12-06,2.78,2.78,2.78,2.78,50,22500.0,0.0,0.0,0.0,0.01
567,2018-12-10,2.79,2.8,2.8,2.79,100,45180.0,0.36,0.72,0.02,0.01
568,2018-12-11,2.78,2.83,2.83,2.78,50,22600.0,1.79,1.07,0.03,0.01
569,2018-12-12,2.78,2.78,2.78,2.78,50,22500.0,0.0,-1.77,-0.05,0.01
570,2018-12-17,2.78,2.81,2.83,2.78,170,76840.0,1.8,1.08,0.03,0.03
571,2018-12-18,2.81,2.82,2.82,2.81,150,68050.0,0.36,0.36,0.01,0.02
572,2018-12-20,2.86,2.76,2.86,2.76,50,22830.0,3.55,-2.13,-0.06,0.01
573,2018-12-21,2.76,2.78,2.86,2.76,190,85350.0,3.62,0.72,0.02,0.03
574,2018-12-25,2.77,2.84,2.87,2.76,190,85680.0,3.96,2.16,0.06,0.03
575,2018-12-27,2.78,2.85,2.85,2.78,170,77250.0,2.46,0.35,0.01,0.03
576,2018-12-28,2.77,2.79,2.86,2.74,410,184510.0,4.21,-2.11,-0.06,0.06
577,2019-01-04,2.77,2.86,2.86,2.77,80,35950.0,3.23,2.51,0.07,0.01
578,2019-01-07,2.77,2.84,2.86,2.77,130,58560.0,3.15,-0.7,-0.02,0.02
579,2019-01-08,2.84,2.86,2.91,2.84,260,119250.0,2.46,0.7,0.02,0.04
580,2019-01-09,2.83,2.86,2.89,2.83,520,238970.0,2.1,0.0,0.0,0.08
581,2019-01-10,2.88,2.87,2.88,2.86,100,46010.0,0.7,0.35,0.01,0.01
582,2019-01-11,2.88,2.8,2.88,2.8,250,114250.0,2.79,-2.44,-0.07,0.04
583,2019-01-14,2.79,2.73,2.83,2.73,160,71930.0,3.57,-2.5,-0.07,0.02
584,2019-01-15,2.73,2.73,2.73,2.68,230,101500.0,1.83,0.0,0.0,0.03
585,2019-01-16,2.68,2.72,2.72,2.68,210,92170.0,1.47,-0.37,-0.01,0.03
586,2019-01-17,2.76,2.68,2.76,2.68,100,44250.0,2.94,-1.47,-0.04,0.01
587,2019-01-18,2.68,2.69,2.69,2.68,120,52500.0,0.37,0.37,0.01,0.02
588,2019-01-21,2.68,2.72,2.72,2.68,180,78960.0,1.49,1.12,0.03,0.03
589,2019-01-23,2.72,2.73,2.74,2.68,450,198650.0,2.21,0.37,0.01,0.07
590,2019-01-24,2.68,2.67,2.7,2.67,150,65700.0,1.1,-2.2,-0.06,0.02
591,2019-01-25,2.7,2.69,2.7,2.63,210,91490.0,2.62,0.75,0.02,0.03
592,2019-01-28,2.7,2.7,2.7,2.7,40,17600.0,0.0,0.37,0.01,0.01
593,2019-01-29,2.7,2.7,2.74,2.7,110,48450.0,1.48,0.0,0.0,0.02
594,2019-01-30,2.74,2.65,2.74,2.65,150,65950.0,3.33,-1.85,-0.05,0.02
595,2019-01-31,2.76,3.04,3.14,2.76,460,214360.0,14.34,14.72,0.39,0.07
596,2019-02-01,3.04,2.95,3.04,2.95,20,9510.0,2.96,-2.96,-0.09,0.0
597,2019-02-11,2.93,2.92,2.93,2.87,90,41820.0,2.03,-1.02,-0.03,0.01
598,2019-02-12,2.98,2.93,2.98,2.93,30,14150.0,1.71,0.34,0.01,0.0
599,2019-02-13,2.87,2.98,2.98,2.87,60,28270.0,3.75,1.71,0.05,0.01
600,2019-02-14,2.93,2.93,2.93,2.93,140,65510.0,0.0,-1.68,-0.05,0.02
601,2019-02-15,2.87,2.89,2.91,2.87,60,27750.0,1.37,-1.37,-0.04,0.01
602,2019-02-18,2.94,2.94,2.94,2.94,30,14070.0,0.0,1.73,0.05,0.0
603,2019-02-19,2.88,2.81,2.88,2.78,240,109080.0,3.4,-4.42,-0.13,0.04
604,2019-02-20,2.84,2.9,2.92,2.84,80,36910.0,2.85,3.2,0.09,0.01
605,2019-02-21,2.94,2.91,2.95,2.91,100,46720.0,1.38,0.34,0.01,0.01
606,2019-02-22,2.89,2.85,2.89,2.85,1150,519050.0,1.37,-2.06,-0.06,0.17
607,2019-02-25,2.82,2.83,2.83,2.74,2394,1071740.0,3.16,-0.7,-0.02,0.36
608,2019-02-26,2.78,2.83,2.83,2.78,230,104400.0,1.77,0.0,0.0,0.03
609,2019-02-28,2.78,2.78,2.78,2.77,290,130200.0,0.35,-1.77,-0.05,0.04
610,2019-03-01,2.83,2.83,2.83,2.8,220,99920.0,1.08,1.8,0.05,0.03
611,2019-03-04,2.83,2.83,2.83,2.83,50,22800.0,0.0,0.0,0.0,0.01
612,2019-03-05,2.77,2.78,2.82,2.77,260,116600.0,1.77,-1.77,-0.05,0.04
613,2019-03-06,2.78,2.78,2.78,2.78,10,4500.0,0.0,0.0,0.0,0.0
614,2019-03-07,2.8,2.8,2.8,2.8,30,13560.0,0.0,0.72,0.02,0.0
615,2019-03-08,2.78,2.93,2.95,2.78,970,450770.0,6.07,4.64,0.13,0.14
616,2019-03-11,2.95,2.95,2.95,2.88,630,294340.0,2.39,0.68,0.02,0.09
617,2019-03-13,2.98,2.98,2.99,2.97,400,189600.0,0.68,1.02,0.03,0.06
618,2019-03-14,2.92,2.93,2.95,2.9,710,330950.0,1.68,-1.68,-0.05,0.11
619,2019-03-15,2.98,2.99,3.0,2.98,250,118750.0,0.68,2.05,0.06,0.04
620,2019-03-18,2.95,2.98,2.98,2.94,1890,889060.0,1.34,-0.33,-0.01,0.28
621,2019-03-19,2.94,2.94,2.97,2.94,80,37560.0,1.01,-1.34,-0.04,0.01
622,2019-03-20,2.94,2.99,3.06,2.93,520,246180.0,4.42,1.7,0.05,0.08
623,2019-03-21,2.95,2.97,2.99,2.95,180,84930.0,1.34,-0.67,-0.02,0.03
624,2019-03-22,3.06,3.22,3.29,3.06,480,237220.0,7.74,8.42,0.25,0.07
625,2019-03-25,3.33,3.41,3.41,3.33,590,307120.0,2.48,5.9,0.19,0.09
626,2019-03-26,3.41,3.63,3.76,3.41,1560,853180.0,10.26,6.45,0.22,0.23
627,2019-03-27,3.65,3.58,3.66,3.48,570,312750.0,4.96,-1.38,-0.05,0.08
628,2019-03-28,3.53,3.58,3.58,3.53,270,146450.0,1.4,0.0,0.0,0.04
629,2019-03-29,3.57,3.45,3.57,3.45,150,80480.0,3.35,-3.63,-0.13,0.02
630,2019-04-01,3.57,3.53,3.65,3.45,450,245600.0,5.8,2.32,0.08,0.07
631,2019-04-02,3.53,3.53,3.55,3.53,150,81080.0,0.57,0.0,0.0,0.02
632,2019-04-03,3.44,3.49,3.49,3.44,190,100990.0,1.42,-1.13,-0.04,0.03
633,2019-04-04,3.49,3.53,3.53,3.45,300,161150.0,2.29,1.15,0.04,0.04
634,2019-04-08,3.45,3.55,3.55,3.45,980,528010.0,2.83,0.57,0.02,0.15
635,2019-04-09,3.45,3.49,3.49,3.45,130,69050.0,1.13,-1.69,-0.06,0.02
636,2019-04-10,3.45,3.49,3.49,3.45,200,106420.0,1.15,0.0,0.0,0.03
637,2019-04-11,3.49,3.47,3.5,3.45,510,271960.0,1.43,-0.57,-0.02,0.08
638,2019-04-12,3.45,3.45,3.45,3.45,100,53000.0,0.0,-0.58,-0.02,0.01
639,2019-04-15,3.37,3.36,3.37,3.36,110,57100.0,0.29,-2.61,-0.09,0.02
640,2019-04-17,3.4,3.41,3.49,3.4,370,195800.0,2.68,1.49,0.05,0.05
641,2019-04-18,3.37,3.37,3.37,3.37,50,26000.0,0.0,-1.17,-0.04,0.01
642,2019-04-19,3.37,3.37,3.37,3.37,30,15600.0,0.0,0.0,0.0,0.0
643,2019-04-22,3.41,3.71,3.84,3.41,1849,1012155.0,12.76,10.09,0.34,0.27
644,2019-04-23,3.81,4.25,4.28,3.8,3750,2298700.0,12.94,14.56,0.54,0.56
645,2019-04-24,4.21,4.2,4.21,4.12,190,117760.0,2.12,-1.18,-0.05,0.03
646,2019-04-25,4.2,4.18,4.2,4.16,250,154500.0,0.95,-0.48,-0.02,0.04
647,2019-04-26,4.24,4.03,4.24,4.0,540,328090.0,5.74,-3.59,-0.15,0.08
648,2019-04-29,4.13,4.13,4.16,4.12,600,367540.0,0.99,2.48,0.1,0.09
649,2019-04-30,4.16,4.3,4.46,4.16,410,259110.0,7.26,4.12,0.17,0.06
650,2019-05-06,4.3,4.24,4.31,4.24,170,107000.0,1.63,-1.4,-0.06,0.03
651,2019-05-08,4.22,4.16,4.22,4.13,350,216000.0,2.12,-1.89,-0.08,0.05
652,2019-05-09,4.1,4.06,4.1,4.05,50,30180.0,1.2,-2.4,-0.1,0.01
653,2019-05-10,4.14,4.03,4.15,4.01,340,204580.0,3.45,-0.74,-0.03,0.05
654,2019-05-13,4.13,4.16,4.16,4.12,870,533750.0,0.99,3.23,0.13,0.13
655,2019-05-14,4.12,4.13,4.16,4.08,540,330750.0,1.92,-0.72,-0.03,0.08
656,2019-05-15,4.1,4.1,4.13,4.08,670,408400.0,1.21,-0.73,-0.03,0.1
657,2019-05-16,4.16,4.24,4.27,4.12,2440,1512980.0,3.66,3.41,0.14,0.36
658,2019-05-17,4.17,4.19,4.27,4.12,1400,868630.0,3.54,-1.18,-0.05,0.21
659,2019-05-20,4.2,4.17,4.2,4.16,970,598750.0,0.95,-0.48,-0.02,0.14
660,2019-05-21,4.24,4.08,4.24,4.04,390,230630.0,4.8,-2.16,-0.09,0.06
661,2019-05-22,4.18,4.11,4.18,4.1,260,154540.0,1.96,0.74,0.03,0.04
662,2019-05-23,4.06,4.07,4.12,4.06,650,380330.0,1.46,-0.97,-0.04,0.1
663,2019-05-24,4.08,4.1,4.12,4.08,400,235200.0,0.98,0.74,0.03,0.06
664,2019-05-27,4.08,4.15,4.16,4.03,330,193010.0,3.17,1.22,0.05,0.05
665,2019-05-28,4.16,4.18,4.2,4.16,440,262800.0,0.96,0.72,0.03,0.07
666,2019-05-29,4.23,4.32,4.33,4.23,660,402060.0,2.39,3.35,0.14,0.1
667,2019-05-30,4.25,4.25,4.25,4.25,20,12120.0,0.0,-1.62,-0.07,0.0
668,2019-05-31,4.25,4.25,4.25,4.25,10,6060.0,0.0,0.0,0.0,0.0
669,2019-06-03,4.23,4.23,4.28,4.23,620,375510.0,1.18,-0.47,-0.02,0.09
670,2019-06-04,4.23,4.23,4.23,4.23,100,60300.0,0.0,0.0,0.0,0.01
671,2019-06-05,4.21,4.27,4.31,4.21,680,412250.0,2.36,0.95,0.04,0.1
672,2019-06-06,4.33,4.28,4.33,4.24,650,396790.0,2.11,0.23,0.01,0.1
673,2019-06-10,4.26,4.23,4.33,4.2,790,481120.0,3.04,-1.17,-0.05,0.12
674,2019-06-11,4.3,4.46,4.46,4.29,1060,661250.0,4.02,5.44,0.23,0.16
675,2019-06-12,4.38,4.51,4.61,4.38,1630,1033460.0,5.16,1.12,0.05,0.24
676,2019-06-13,4.58,4.56,4.58,4.53,250,160750.0,1.11,1.11,0.05,0.04
677,2019-06-14,4.53,4.47,4.6,4.45,510,326110.0,3.29,-1.97,-0.09,0.08
678,2019-06-17,4.52,4.55,4.62,4.52,880,565540.0,2.24,1.79,0.08,0.13
679,2019-06-18,4.53,4.38,4.53,4.2,1970,1232960.0,7.25,-3.74,-0.17,0.29
680,2019-06-19,4.39,4.59,4.66,4.39,2060,1323640.0,6.16,4.79,0.21,0.31
681,2019-06-20,4.5,4.53,4.53,4.49,280,178300.0,0.87,-1.31,-0.06,0.04
682,2019-06-21,4.45,4.4,4.58,4.38,1310,827250.0,4.42,-2.87,-0.13,0.19
683,2019-06-24,4.33,4.38,4.38,4.28,540,332440.0,2.27,-0.45,-0.02,0.08
684,2019-06-25,4.33,4.34,4.38,4.28,1500,926200.0,2.28,-0.91,-0.04,0.22
685,2019-06-26,4.33,4.37,4.43,4.31,1890,1171140.0,2.76,0.69,0.03,0.28
686,2019-06-27,4.43,4.42,4.73,4.38,1590,1023150.0,8.01,1.14,0.05,0.24
687,2019-06-28,4.43,4.35,4.43,4.33,590,365160.0,2.26,-1.58,-0.07,0.09
688,2019-07-01,4.38,4.53,4.7,4.38,1540,990480.0,7.36,4.14,0.18,0.23
689,2019-07-02,4.62,4.58,4.62,4.52,260,166660.0,2.21,1.1,0.05,0.04
690,2019-07-03,4.58,4.59,4.78,4.53,2802,1841870.0,5.46,0.22,0.01,0.42
691,2019-07-04,4.55,4.39,4.58,4.37,1460,926820.0,4.58,-4.36,-0.2,0.22
692,2019-07-05,4.5,4.47,4.63,4.46,1810,1160790.0,3.87,1.82,0.08,0.27
693,2019-07-08,4.46,4.46,4.47,4.45,310,195720.0,0.45,-0.22,-0.01,0.05
694,2019-07-09,4.43,4.45,4.46,4.43,150,94500.0,0.67,-0.22,-0.01,0.02
695,2019-07-10,4.47,4.36,4.47,4.35,434,272982.0,2.7,-2.02,-0.09,0.06
696,2019-07-11,4.45,4.58,4.83,4.45,1494,966729.0,8.72,5.05,0.22,0.22
697,2019-07-12,4.58,4.5,4.7,4.5,1790,1161330.0,4.37,-1.75,-0.08,0.27
698,2019-07-15,4.49,4.35,4.49,4.33,1500,929630.0,3.56,-3.33,-0.15,0.22
699,2019-07-16,4.32,4.32,4.34,4.28,630,386450.0,1.38,-0.69,-0.03,0.09
700,2019-07-17,4.27,4.18,4.28,4.16,1014,610860.0,2.78,-3.24,-0.14,0.15
701,2019-07-18,4.1,4.19,4.2,4.06,1900,1132660.0,3.35,0.24,0.01,0.28
702,2019-07-19,4.14,4.18,4.18,4.04,710,420610.0,3.34,-0.24,-0.01,0.11
703,2019-07-22,4.16,4.2,4.2,4.13,140,83110.0,1.67,0.48,0.02,0.02
704,2019-07-23,4.12,4.15,4.16,4.08,550,323520.0,1.9,-1.19,-0.05,0.08
705,2019-07-24,4.05,3.93,4.05,3.92,440,252810.0,3.13,-5.3,-0.22,0.07
706,2019-07-25,3.82,3.86,3.86,3.73,712,392880.0,3.31,-1.78,-0.07,0.11
707,2019-07-26,3.82,3.76,3.82,3.74,290,159460.0,2.07,-2.59,-0.1,0.04
708,2019-07-29,3.83,3.83,3.86,3.8,180,100090.0,1.6,1.86,0.07,0.03
709,2019-07-30,3.78,4.06,4.08,3.78,1010,577500.0,7.83,6.01,0.23,0.15
710,2019-07-31,3.98,3.98,4.08,3.98,160,92010.0,2.46,-1.97,-0.08,0.02
711,2019-08-01,3.95,3.95,3.95,3.88,280,158730.0,1.76,-0.75,-0.03,0.04
712,2019-08-02,4.0,3.97,4.01,3.97,70,40130.0,1.01,0.51,0.02,0.01
713,2019-08-05,3.96,3.96,3.96,3.96,10,5710.0,0.0,-0.25,-0.01,0.0
714,2019-08-06,3.91,3.88,3.91,3.88,110,61850.0,0.76,-2.02,-0.08,0.02
715,2019-08-07,3.93,3.8,3.93,3.8,460,258680.0,3.35,-2.06,-0.08,0.07
716,2019-08-08,3.78,3.71,3.78,3.71,330,180160.0,1.84,-2.37,-0.09,0.05
717,2019-08-12,3.71,3.58,3.71,3.52,910,483920.0,5.12,-3.5,-0.13,0.14
718,2019-08-13,3.44,3.42,3.48,3.36,1160,582910.0,3.35,-4.47,-0.16,0.17
719,2019-08-14,3.37,3.44,3.45,3.37,460,232920.0,2.34,0.58,0.02,0.07
720,2019-08-15,3.48,3.53,3.53,3.45,260,134827.0,2.33,2.62,0.09,0.04
721,2019-08-16,3.54,3.5,3.54,3.5,30,15530.0,1.13,-0.85,-0.03,0.0
722,2019-08-19,3.42,3.68,3.78,3.41,1250,657500.0,10.57,5.14,0.18,0.19
723,2019-08-20,3.67,3.76,3.78,3.67,320,173990.0,2.99,2.17,0.08,0.05
724,2019-08-21,3.78,3.77,3.8,3.7,220,120330.0,2.66,0.27,0.01,0.03
725,2019-08-22,3.7,3.75,3.77,3.7,110,59800.0,1.86,-0.53,-0.02,0.02
726,2019-08-23,3.79,3.73,3.79,3.7,170,92580.0,2.4,-0.53,-0.02,0.03
727,2019-08-26,3.69,3.69,3.69,3.69,50,26950.0,0.0,-1.07,-0.04,0.01
728,2019-08-27,3.73,3.79,3.8,3.73,250,137190.0,1.9,2.71,0.1,0.04
729,2019-08-28,3.7,3.79,3.79,3.7,210,114810.0,2.37,0.0,0.0,0.03
730,2019-08-29,3.77,3.78,3.87,3.77,230,127150.0,2.64,-0.26,-0.01,0.03
731,2019-08-30,3.75,3.79,3.79,3.75,100,54850.0,1.06,0.26,0.01,0.01
732,2019-09-02,3.75,3.85,3.85,3.75,140,77170.0,2.64,1.58,0.06,0.02
733,2019-09-03,3.75,3.75,3.75,3.75,40,21840.0,0.0,-2.6,-0.1,0.01
734,2019-09-04,3.75,3.85,3.85,3.75,400,220000.0,2.67,2.67,0.1,0.06
735,2019-09-05,3.8,3.87,3.88,3.8,150,83910.0,2.08,0.52,0.02,0.02
736,2019-09-06,3.88,3.83,3.88,3.83,80,44780.0,1.29,-1.03,-0.04,0.01
737,2019-09-09,3.83,3.89,3.92,3.83,330,184920.0,2.35,1.57,0.06,0.05
738,2019-09-10,3.91,3.92,3.92,3.91,100,56550.0,0.26,0.77,0.03,0.01
739,2019-09-11,3.98,4.05,4.06,3.91,570,326470.0,3.83,3.32,0.13,0.08
740,2019-09-12,3.93,3.93,3.93,3.93,20,11340.0,0.0,-2.96,-0.12,0.0
741,2019-09-16,3.93,3.92,3.97,3.89,970,549710.0,2.04,-0.25,-0.01,0.14
742,2019-09-17,3.92,3.87,3.93,3.85,494,232938.0,2.04,-1.28,-0.05,0.07
743,2019-09-18,3.83,3.74,3.88,3.74,174,80536.0,3.62,-3.36,-0.13,0.03
744,2019-09-19,3.76,3.77,3.81,3.75,440,201760.0,1.6,0.8,0.03,0.07
745,2019-09-20,3.71,3.74,3.77,3.67,1330,602090.0,2.65,-0.8,-0.03,0.2
746,2019-09-23,3.61,3.64,3.67,3.6,350,155000.0,1.87,-2.67,-0.1,0.05
747,2019-09-24,3.6,3.61,3.63,3.57,974,428340.0,1.65,-0.82,-0.03,0.14
748,2019-09-25,3.58,3.58,3.6,3.56,600,262600.0,1.11,-0.83,-0.03,0.09
749,2019-09-26,3.62,3.68,3.7,3.62,1520,679730.0,2.23,2.79,0.1,0.23
750,2019-09-27,3.61,3.64,3.67,3.61,100,44400.0,1.63,-1.09,-0.04,0.01
751,2019-09-30,3.61,3.62,3.66,3.6,760,335790.0,1.65,-0.55,-0.02,0.11
752,2019-10-09,3.61,3.63,3.65,3.61,500,221500.0,1.1,0.28,0.01,0.07
753,2019-10-10,3.73,3.67,3.73,3.65,140,63140.0,2.2,1.1,0.04,0.02
754,2019-10-11,3.8,3.75,3.8,3.75,300,137050.0,1.36,2.18,0.08,0.04
755,2019-10-14,3.7,3.67,3.8,3.67,986,449292.0,3.47,-2.13,-0.08,0.15
756,2019-10-15,3.67,3.71,3.72,3.6,820,367200.0,3.27,1.09,0.04,0.12
757,2019-10-16,3.67,3.63,3.7,3.63,210,94130.0,1.89,-2.16,-0.08,0.03
758,2019-10-17,3.63,3.63,3.68,3.63,310,137930.0,1.38,0.0,0.0,0.05
759,2019-10-18,3.63,3.72,3.74,3.63,290,130340.0,3.03,2.48,0.09,0.04
760,2019-10-21,3.75,3.69,3.75,3.69,440,198750.0,1.61,-0.81,-0.03,0.07
761,2019-10-22,3.63,3.65,3.68,3.6,600,266050.0,2.17,-1.08,-0.04,0.09
762,2019-10-23,3.68,3.61,3.68,3.6,680,300570.0,2.19,-1.1,-0.04,0.1
763,2019-10-24,3.6,3.59,3.61,3.55,520,228060.0,1.66,-0.55,-0.02,0.08
764,2019-10-25,3.55,3.91,4.0,3.55,2610,1206480.0,12.53,8.91,0.32,0.39
765,2019-10-28,4.01,4.69,5.32,4.01,3742,2172374.0,33.5,19.95,0.78,0.56
766,2019-10-29,4.71,5.15,5.45,4.71,4670,2828590.0,15.78,9.81,0.46,0.69
767,2019-10-30,5.35,5.24,5.4,5.16,934,569540.0,4.66,1.75,0.09,0.14
768,2019-10-31,5.37,5.3,5.41,5.13,924,566960.0,5.34,1.15,0.06,0.14
769,2019-11-01,5.15,5.18,5.4,5.15,312,187890.0,4.72,-2.26,-0.12,0.05
770,2019-11-04,5.12,5.14,5.16,5.1,80,47520.0,1.16,-0.77,-0.04,0.01
771,2019-11-05,5.08,5.26,5.37,4.82,870,526620.0,10.7,2.33,0.12,0.13
772,2019-11-06,5.37,5.6,5.6,5.2,880,545490.0,7.6,6.46,0.34,0.13
773,2019-11-07,5.65,5.52,5.91,5.5,250,161750.0,7.32,-1.43,-0.08,0.04
774,2019-11-08,5.65,5.67,5.75,5.62,1220,791490.0,2.36,2.72,0.15,0.18
775,2019-11-11,5.74,6.2,6.4,5.74,1050,718960.0,11.64,9.35,0.53,0.16
776,2019-11-12,6.32,6.71,6.76,6.32,1450,1069560.0,7.1,8.23,0.51,0.22
777,2019-11-13,6.76,6.73,6.8,6.65,280,211340.0,2.24,0.3,0.02,0.04
778,2019-11-14,6.66,6.65,6.76,6.65,206,154350.0,1.63,-1.19,-0.08,0.03
779,2019-11-15,6.62,6.62,6.62,6.62,10,7420.0,0.0,-0.45,-0.03,0.0
780,2019-11-18,6.7,6.81,6.88,6.7,540,410730.0,2.72,2.87,0.19,0.08
781,2019-11-20,6.88,6.84,6.88,6.8,140,106960.0,1.17,0.44,0.03,0.02
782,2019-11-21,6.55,6.59,6.6,6.5,480,353660.0,1.46,-3.65,-0.25,0.07
783,2019-11-25,6.5,6.53,6.56,6.5,20,14660.0,0.91,-0.91,-0.06,0.0
784,2019-11-26,6.5,6.48,6.5,6.48,60,43780.0,0.31,-0.77,-0.05,0.01
785,2019-11-27,6.55,6.54,6.57,6.5,90,66100.0,1.08,0.93,0.06,0.01
786,2019-11-28,6.38,6.38,6.4,6.36,150,107700.0,0.61,-2.45,-0.16,0.02
787,2019-11-29,6.3,6.31,6.4,6.28,50,35630.0,1.88,-1.1,-0.07,0.01
788,2019-12-02,6.28,6.2,6.28,6.2,20,14080.0,1.27,-1.74,-0.11,0.0
789,2019-12-03,6.18,6.18,6.18,6.18,10,6980.0,0.0,-0.32,-0.02,0.0
790,2019-12-04,6.05,6.05,6.1,6.0,180,123290.0,1.62,-2.1,-0.13,0.03
791,2019-12-05,6.12,6.11,6.14,6.05,194,134160.0,1.49,0.99,0.06,0.03
792,2019-12-06,6.3,6.63,6.75,6.28,890,647560.0,7.69,8.51,0.52,0.13
793,2019-12-09,6.6,6.61,6.63,6.56,40,29620.0,1.06,-0.3,-0.02,0.01
794,2019-12-10,6.56,6.59,6.61,6.56,40,29540.0,0.76,-0.3,-0.02,0.01
795,2019-12-11,6.88,7.02,7.15,6.7,430,332200.0,6.83,6.53,0.43,0.06
796,2019-12-12,7.23,7.45,7.72,7.02,956,792260.0,9.97,6.13,0.43,0.14
797,2019-12-13,7.28,7.28,7.4,7.2,170,137440.0,2.68,-2.28,-0.17,0.03
798,2019-12-16,7.37,7.74,7.8,7.29,646,540738.0,7.01,6.32,0.46,0.1
799,2019-12-17,7.93,8.06,8.1,7.91,850,745770.0,2.45,4.13,0.32,0.13
800,2019-12-18,8.16,8.19,8.25,8.0,480,430320.0,3.1,1.61,0.13,0.07
801,2019-12-19,8.37,7.9,8.45,7.89,180,163629.0,6.84,-3.54,-0.29,0.03
802,2019-12-20,8.2,7.9,8.2,7.9,58,51738.0,3.8,0.0,0.0,0.01
803,2019-12-23,7.92,7.9,8.0,7.87,190,165490.0,1.65,0.0,0.0,0.03
804,2019-12-24,8.2,8.25,8.25,8.0,140,125250.0,3.16,4.43,0.35,0.02
805,2019-12-25,8.0,7.81,8.08,7.75,570,495080.0,4.0,-5.33,-0.44,0.08
806,2019-12-26,8.05,8.05,8.06,8.05,60,53110.0,0.13,3.07,0.24,0.01
807,2019-12-27,7.8,7.85,7.85,7.75,310,266150.0,1.24,-2.48,-0.2,0.05
808,2019-12-30,7.85,8.12,8.6,7.77,400,354430.0,10.57,3.44,0.27,0.06
809,2019-12-31,7.94,7.83,8.0,7.83,50,43600.0,2.09,-3.57,-0.29,0.01
810,2020-01-02,8.01,8.0,8.2,7.93,160,140830.0,3.45,2.17,0.17,0.02
811,2020-01-03,8.0,9.04,9.08,8.0,280,266030.0,13.5,13.0,1.04,0.04
812,2020-01-06,9.09,9.47,9.9,8.75,630,647120.0,12.72,4.76,0.43,0.09
813,2020-01-07,9.44,9.78,9.78,9.44,120,126080.0,3.59,3.27,0.31,0.02
814,2020-01-08,9.48,9.44,9.68,9.44,100,102720.0,2.45,-3.48,-0.34,0.01
815,2020-01-09,9.44,9.5,9.68,9.4,434,445392.0,2.97,0.64,0.06,0.06
816,2020-01-13,9.5,9.38,9.5,9.38,90,91740.0,1.26,-1.26,-0.12,0.01
817,2020-01-14,9.17,9.26,9.26,9.17,60,59910.0,0.96,-1.28,-0.12,0.01
818,2020-01-15,9.45,9.28,9.49,9.2,270,274310.0,3.13,0.22,0.02,0.04
819,2020-01-16,9.45,9.2,9.48,9.14,180,182590.0,3.66,-0.86,-0.08,0.03
820,2020-01-17,9.22,9.16,9.22,9.12,40,39890.0,1.09,-0.43,-0.04,0.01
821,2020-01-20,9.3,9.15,9.3,9.01,130,128700.0,3.17,-0.11,-0.01,0.02
822,2020-01-21,9.19,8.83,9.19,8.81,620,609580.0,4.15,-3.5,-0.32,0.09
823,2020-01-22,9.1,8.8,9.1,8.66,492,472572.0,4.98,-0.34,-0.03,0.07
824,2020-01-23,9.0,8.95,9.0,8.9,40,39000.0,1.14,1.7,0.15,0.01
825,2020-02-03,8.61,8.52,8.62,8.45,70,65510.0,1.9,-4.8,-0.43,0.01
826,2020-02-04,8.6,8.55,8.6,8.5,40,37400.0,1.17,0.35,0.03,0.01
827,2020-02-05,8.59,8.32,8.6,8.24,210,193380.0,4.21,-2.69,-0.23,0.03
828,2020-02-06,8.32,8.13,8.33,8.13,120,108760.0,2.4,-2.28,-0.19,0.02
829,2020-02-07,8.33,8.06,8.33,8.03,230,205600.0,3.69,-0.86,-0.07,0.03
830,2020-02-10,8.2,8.2,8.2,8.2,20,18000.0,0.0,1.74,0.14,0.0
831,2020-02-12,8.38,8.38,8.38,8.38,10,9180.0,0.0,2.2,0.18,0.0
832,2020-02-13,8.38,8.03,8.38,8.03,190,172350.0,4.18,-4.18,-0.35,0.03
833,2020-02-14,8.3,8.55,8.6,8.29,340,315920.0,3.86,6.48,0.52,0.05
834,2020-02-17,8.4,8.28,8.49,8.18,100,91570.0,3.63,-3.16,-0.27,0.01
835,2020-02-18,8.28,8.28,8.47,8.01,70,63650.0,5.56,0.0,0.0,0.01
836,2020-02-19,8.46,8.41,8.47,8.37,210,193580.0,1.21,1.57,0.13,0.03
837,2020-02-20,8.35,8.35,8.35,8.35,10,9150.0,0.0,-0.71,-0.06,0.0
838,2020-02-21,8.45,8.32,8.49,8.32,250,229730.0,2.04,-0.36,-0.03,0.04
839,2020-02-24,8.43,8.64,8.8,8.41,412,386740.0,4.69,3.85,0.32,0.06
840,2020-02-25,8.62,8.81,8.9,8.55,110,104980.0,4.05,1.97,0.17,0.02
841,2020-02-26,9.04,8.88,9.04,8.84,160,156480.0,2.27,0.79,0.07,0.02
842,2020-02-27,9.03,8.52,9.03,8.52,330,313040.0,5.74,-4.05,-0.36,0.05
843,2020-02-28,8.46,8.38,8.46,8.35,60,55220.0,1.29,-1.64,-0.14,0.01
844,2020-03-02,8.5,8.48,8.62,8.35,170,157420.0,3.22,1.19,0.1,0.03
845,2020-03-03,8.8,8.83,8.9,8.7,710,682400.0,2.36,4.13,0.35,0.11
846,2020-03-04,8.93,8.82,8.93,8.75,60,57710.0,2.04,-0.11,-0.01,0.01
847,2020-03-05,8.93,8.68,8.93,8.65,80,76340.0,3.17,-1.59,-0.14,0.01
848,2020-03-06,8.75,8.73,8.75,8.7,40,38100.0,0.58,0.58,0.05,0.01
849,2020-03-09,8.9,9.25,9.49,8.9,590,594710.0,6.76,5.96,0.52,0.09
850,2020-03-10,9.31,9.35,9.45,9.3,390,395920.0,1.62,1.08,0.1,0.06
851,2020-03-11,9.3,9.39,9.4,9.2,130,131450.0,2.14,0.43,0.04,0.02
852,2020-03-12,9.35,9.45,9.5,9.35,240,245800.0,1.6,0.64,0.06,0.04
853,2020-03-13,9.3,9.41,9.49,9.3,620,632510.0,2.01,-0.42,-0.04,0.09
854,2020-03-16,9.76,9.6,9.83,9.37,998,1044346.0,4.89,2.02,0.19,0.15
855,2020-03-17,9.8,9.89,9.9,9.74,430,455450.0,1.67,3.02,0.29,0.06
856,2020-03-18,9.78,9.87,10.1,9.78,540,575200.0,3.24,-0.2,-0.02,0.08
857,2020-03-19,9.8,9.74,10.28,9.73,1180,1254780.0,5.57,-1.32,-0.13,0.18
858,2020-03-20,9.36,9.38,9.4,9.36,230,234170.0,0.41,-3.7,-0.36,0.03
859,2020-03-23,9.36,9.25,9.38,9.2,360,362820.0,1.92,-1.39,-0.13,0.05
860,2020-03-24,9.35,9.34,9.35,9.32,30,30420.0,0.32,0.97,0.09,0.0
861,2020-03-25,9.4,9.32,9.4,9.3,840,851440.0,1.07,-0.21,-0.02,0.12
862,2020-03-26,9.24,9.0,9.34,8.97,840,839100.0,3.97,-3.43,-0.32,0.12
863,2020-03-27,8.97,9.17,9.26,8.97,530,527120.0,3.22,1.89,0.17,0.08
864,2020-03-30,9.4,9.03,9.4,8.95,195,191790.0,4.91,-1.53,-0.14,0.03
865,2020-03-31,8.97,9.08,9.15,8.97,50,49390.0,1.99,0.55,0.05,0.01
866,2020-04-01,9.2,9.23,9.26,9.2,20,20060.0,0.66,1.65,0.15,0.0
867,2020-04-02,9.4,9.4,9.4,9.4,1,1020.0,0.0,1.84,0.17,0.0
868,2020-04-03,9.4,9.4,9.4,9.2,155,157520.0,2.13,0.0,0.0,0.02
869,2020-04-08,9.0,9.3,9.4,8.93,200,196750.0,5.0,-1.06,-0.1,0.03
870,2020-04-09,9.31,9.25,9.31,9.2,22,22123.0,1.18,-0.54,-0.05,0.0
871,2020-04-10,9.3,9.22,9.31,9.2,278,280128.0,1.19,-0.32,-0.03,0.04
872,2020-04-13,9.31,9.34,9.38,9.2,78,78360.0,1.95,1.3,0.12,0.01
873,2020-04-14,9.3,9.32,9.34,9.3,70,70820.0,0.43,-0.21,-0.02,0.01
874,2020-04-15,9.0,9.04,9.12,9.0,100,98430.0,1.29,-3.0,-0.28,0.01
875,2020-04-17,9.3,9.39,9.5,9.05,471,478710.0,4.98,3.87,0.35,0.07
876,2020-04-20,9.61,10.38,10.62,9.61,438,481290.0,10.76,10.54,0.99,0.07
877,2020-04-21,10.62,11.3,11.39,10.62,770,918140.0,7.42,8.86,0.92,0.11
878,2020-04-22,11.39,12.5,12.88,11.3,1146,1452265.0,13.98,10.62,1.2,0.17
879,2020-04-23,12.69,12.5,13.3,12.5,622,854105.0,6.4,0.0,0.0,0.09
880,2020-04-24,12.39,10.8,12.39,10.66,370,462900.0,13.84,-13.6,-1.7,0.05
881,2020-04-27,10.8,12.64,12.9,10.8,601,758696.0,19.44,17.04,1.84,0.09
882,2020-04-28,12.3,12.32,12.96,12.3,52,68820.0,5.22,-2.53,-0.32,0.01
883,2020-04-29,12.92,13.07,13.44,12.78,858,1189908.0,5.36,6.09,0.75,0.13
884,2020-07-27,8.5,7.04,8.79,6.21,48047,40539333.0,30.79,-15.99,-1.34,7.14
885,2020-07-28,7.09,7.48,7.66,6.9,15729,12669124.0,10.8,6.25,0.44,2.34
886,2020-07-29,7.55,8.24,8.36,7.41,18184,16117882.0,12.7,10.16,0.76,2.7
887,2020-07-30,8.25,8.04,8.36,7.98,14217,12795475.0,4.61,-2.43,-0.2,2.11
888,2020-07-31,8.04,7.98,8.22,7.62,8222,7180210.0,7.46,-0.75,-0.06,1.22
889,2020-08-03,7.98,8.01,8.07,7.92,7723,6799961.0,1.88,0.38,0.03,1.15
890,2020-08-04,7.93,7.79,8.01,7.78,7681,6647290.0,2.87,-2.75,-0.22,1.14
891,2020-08-05,7.81,7.8,7.94,7.78,4898,4233609.0,2.05,0.13,0.01,0.73
892,2020-08-06,7.8,7.66,7.89,7.6,4163,3527704.0,3.72,-1.79,-0.14,0.62
893,2020-08-07,7.52,7.52,7.66,7.38,4769,3948274.0,3.66,-1.83,-0.14,0.71
894,2020-08-10,7.26,7.57,7.57,7.26,2877,2362226.0,4.12,0.66,0.05,0.43
895,2020-08-11,7.6,7.38,7.6,7.35,2390,1960963.0,3.3,-2.51,-0.19,0.35
896,2020-08-12,7.4,7.28,7.47,7.18,3494,2808129.0,3.93,-1.36,-0.1,0.52
897,2020-08-13,7.24,7.16,7.37,7.15,3722,2984456.0,3.02,-1.65,-0.12,0.55
898,2020-08-14,7.16,7.14,7.2,7.09,2856,2264585.0,1.54,-0.28,-0.02,0.42
899,2020-08-17,7.15,7.14,7.19,7.09,2359,1868723.0,1.4,0.0,0.0,0.35
900,2020-08-18,7.14,7.14,7.15,7.1,1742,1381524.0,0.7,0.0,0.0,0.26
901,2020-08-19,7.11,7.13,7.19,7.09,2606,2071078.0,1.4,-0.14,-0.01,0.39
902,2020-08-20,7.08,7.08,7.14,7.06,1416,1118267.0,1.12,-0.7,-0.05,0.21
903,2020-08-21,7.01,7.04,7.06,7.01,1373,1075451.0,0.71,-0.56,-0.04,0.2
904,2020-08-24,7.03,7.03,7.05,6.97,2184,1705548.0,1.14,-0.14,-0.01,0.32
905,2020-08-25,6.95,7.04,7.09,6.95,1918,1503995.0,1.99,0.14,0.01,0.28
906,2020-08-26,7.08,7.25,7.42,7.0,4417,3580130.0,5.97,2.98,0.21,0.66
907,2020-08-27,7.26,7.35,7.39,7.26,1407,1115662.0,1.79,1.38,0.1,0.21
908,2020-08-28,7.35,7.44,7.45,7.35,2550,2044264.0,1.36,1.22,0.09,0.38
909,2020-08-31,7.41,7.44,7.47,7.39,1463,1175157.0,1.08,0.0,0.0,0.22
910,2020-09-01,7.32,7.41,7.45,7.31,990,793333.0,1.88,-0.4,-0.03,0.15
911,2020-09-02,7.4,7.41,7.44,7.39,1457,1166810.0,0.67,0.0,0.0,0.22
912,2020-09-03,7.4,7.4,7.43,7.39,1350,1080630.0,0.54,-0.13,-0.01,0.2
913,2020-09-04,7.37,7.4,7.41,7.37,1324,1059012.0,0.54,0.0,0.0,0.2
914,2020-09-07,7.31,7.3,7.41,7.3,1538,1227958.0,1.49,-1.35,-0.1,0.23
915,2020-09-08,7.3,7.33,7.4,7.3,788,627571.0,1.37,0.41,0.03,0.12
916,2020-09-09,7.26,7.21,7.26,7.1,2707,2147245.0,2.18,-1.64,-0.12,0.4
917,2020-09-10,7.15,7.14,7.23,7.12,1133,882126.0,1.53,-0.97,-0.07,0.17
918,2020-09-11,7.06,7.21,7.23,7.06,1407,1092276.0,2.38,0.98,0.07,0.21
919,2020-09-14,7.18,7.2,7.26,7.18,436,339620.0,1.11,-0.14,-0.01,0.06
920,2020-09-15,7.2,7.2,7.36,7.19,589,460059.0,2.36,0.0,0.0,0.09
921,2020-09-16,7.2,7.21,7.24,7.2,467,364966.0,0.56,0.14,0.01,0.07
922,2020-09-17,7.2,7.21,7.25,7.2,442,345657.0,0.69,0.0,0.0,0.07
923,2020-09-18,7.21,7.27,7.29,7.2,567,444739.0,1.25,0.83,0.06,0.08
924,2020-09-21,7.22,7.24,7.4,7.21,563,444371.0,2.61,-0.41,-0.03,0.08
925,2020-09-22,7.21,7.22,7.34,7.21,498,390476.0,1.8,-0.28,-0.02,0.07
926,2020-09-23,7.21,7.23,7.28,7.2,864,674917.0,1.11,0.14,0.01,0.13
927,2020-09-24,7.26,7.22,7.26,7.2,469,366091.0,0.83,-0.14,-0.01,0.07
928,2020-09-25,7.22,7.2,7.23,7.2,484,377668.0,0.42,-0.28,-0.02,0.07
929,2020-09-28,7.16,7.16,7.21,7.12,449,349843.0,1.25,-0.56,-0.04,0.07
930,2020-09-29,7.17,7.2,7.22,7.11,773,599855.0,1.54,0.56,0.04,0.11
931,2020-09-30,7.2,7.22,7.22,7.17,237,184280.0,0.69,0.28,0.02,0.04
932,2020-10-09,7.12,7.21,7.21,7.12,1546,1203925.0,1.25,-0.14,-0.01,0.23
933,2020-10-12,7.22,7.27,7.28,7.19,3279,2574117.0,1.25,0.83,0.06,0.49
934,2020-10-13,7.29,7.33,7.4,7.22,2882,2283786.0,2.48,0.83,0.06,0.43
935,2020-10-14,7.35,7.48,7.5,7.35,2909,2341928.0,2.05,2.05,0.15,0.43
936,2020-10-15,7.47,7.45,7.55,7.4,1744,1411132.0,2.01,-0.4,-0.03,0.26
937,2020-10-16,7.46,7.46,7.48,7.41,1349,1087511.0,0.94,0.13,0.01,0.2
938,2020-10-19,7.55,7.64,7.8,7.5,2486,2050343.0,4.02,2.41,0.18,0.37
939,2020-10-20,7.64,7.59,7.64,7.5,653,534120.0,1.83,-0.65,-0.05,0.1
940,2020-10-21,7.56,7.51,7.6,7.48,943,765713.0,1.58,-1.05,-0.08,0.14
941,2020-10-22,7.51,7.51,7.57,7.46,870,704530.0,1.46,0.0,0.0,0.13
942,2020-10-23,7.51,7.48,7.51,7.48,588,475553.0,0.4,-0.4,-0.03,0.09
943,2020-10-26,7.43,7.47,7.69,7.43,428,345968.0,3.48,-0.13,-0.01,0.06
944,2020-10-27,7.41,7.47,7.54,7.41,352,283330.0,1.74,0.0,0.0,0.05
945,2020-10-28,7.47,7.46,7.54,7.41,521,418770.0,1.74,-0.13,-0.01,0.08
946,2020-10-29,7.43,7.47,7.5,7.43,1058,853529.0,0.94,0.13,0.01,0.16
947,2020-10-30,7.46,7.46,7.48,7.45,811,653465.0,0.4,-0.13,-0.01,0.12
948,2020-11-02,7.45,7.38,7.46,7.38,2141,1718835.0,1.07,-1.07,-0.08,0.32
949,2020-11-03,7.38,7.38,7.42,7.37,1818,1451279.0,0.68,0.0,0.0,0.27
950,2020-11-04,7.4,7.36,7.4,7.35,872,694793.0,0.68,-0.27,-0.02,0.13
951,2020-11-05,7.36,7.4,7.41,7.33,701,559033.0,1.09,0.54,0.04,0.1
952,2020-11-06,7.49,7.38,7.49,7.36,336,268439.0,1.76,-0.27,-0.02,0.05
953,2020-11-09,7.4,7.4,7.44,7.38,902,722983.0,0.81,0.27,0.02,0.13
954,2020-11-10,7.4,7.36,7.45,7.36,425,339852.0,1.22,-0.54,-0.04,0.06
955,2020-11-11,7.35,7.36,7.43,7.33,673,536453.0,1.36,0.0,0.0,0.1
956,2020-11-12,7.4,7.37,7.42,7.31,397,316049.0,1.49,0.14,0.01,0.06
957,2020-11-13,7.33,7.42,7.42,7.33,1115,891098.0,1.22,0.68,0.05,0.17
958,2020-11-16,7.36,7.42,7.42,7.36,753,602441.0,0.81,0.0,0.0,0.11
959,2020-11-17,7.39,7.4,7.41,7.37,595,475360.0,0.54,-0.27,-0.02,0.09
960,2020-11-18,7.48,7.38,7.49,7.38,506,406735.0,1.49,-0.27,-0.02,0.08
961,2020-11-19,7.38,7.44,7.48,7.36,933,747555.0,1.63,0.81,0.06,0.14
962,2020-11-20,7.46,7.45,7.5,7.39,1007,811780.0,1.48,0.13,0.01,0.15
963,2020-11-23,7.41,7.43,7.5,7.4,944,759272.0,1.34,-0.27,-0.02,0.14
964,2020-11-24,7.41,7.42,7.44,7.4,465,372334.0,0.54,-0.13,-0.01,0.07
965,2020-11-25,7.4,7.4,7.42,7.38,832,665705.0,0.54,-0.27,-0.02,0.12
966,2020-11-26,7.52,7.53,7.55,7.51,1537,1250420.0,0.54,1.76,0.13,0.23
967,2020-11-27,7.53,7.75,7.75,7.49,2302,1895256.0,3.45,2.92,0.22,0.34
968,2020-11-30,7.9,7.86,8.07,7.85,4853,4143349.0,2.84,1.42,0.11,0.72
969,2020-12-01,7.77,8.25,8.37,7.77,6524,5749835.0,7.63,4.96,0.39,0.97
970,2020-12-02,8.25,8.58,8.67,8.13,6282,5621931.0,6.55,4.0,0.33,0.93
971,2020-12-03,8.41,8.3,8.53,8.25,2363,2122199.0,3.26,-3.26,-0.28,0.35
972,2020-12-04,8.31,8.35,8.5,8.27,2820,2536142.0,2.77,0.6,0.05,0.42
973,2020-12-07,8.31,8.29,8.45,8.29,2037,1824351.0,1.92,-0.72,-0.06,0.3
974,2020-12-08,8.21,8.27,8.37,8.2,675,597008.0,2.05,-0.24,-0.02,0.1
975,2020-12-09,8.24,8.0,8.24,7.9,1009,872731.0,4.11,-3.26,-0.27,0.15
976,2020-12-10,7.92,7.9,8.05,7.9,579,494406.0,1.88,-1.25,-0.1,0.09
977,2020-12-11,7.91,7.94,7.99,7.79,1759,1490795.0,2.53,0.51,0.04,0.26
978,2020-12-14,7.85,7.92,7.97,7.73,979,824354.0,3.02,-0.25,-0.02,0.15
979,2020-12-15,8.08,7.83,8.08,7.72,1585,1327842.0,4.55,-1.14,-0.09,0.24
980,2020-12-16,7.74,7.85,7.89,7.7,3169,2657004.0,2.43,0.26,0.02,0.47
981,2020-12-17,7.76,7.75,7.88,7.67,4532,3778349.0,2.68,-1.27,-0.1,0.67
982,2020-12-18,7.76,7.8,7.81,7.7,805,673852.0,1.42,0.65,0.05,0.12
983,2020-12-21,7.8,7.97,7.97,7.75,1913,1627566.0,2.82,2.18,0.17,0.28
984,2020-12-22,7.87,7.81,8.15,7.81,1036,881423.0,4.27,-2.01,-0.16,0.15
985,2020-12-23,7.88,7.93,8.07,7.8,1835,1506946.0,3.46,1.54,0.12,0.27
986,2020-12-24,7.93,7.93,7.98,7.83,869,711175.0,1.89,0.0,0.0,0.13
987,2020-12-25,8.08,7.88,8.08,7.82,679,555674.0,3.28,-0.63,-0.05,0.1
988,2020-12-28,7.8,7.78,7.91,7.76,1412,1145679.0,1.9,-1.27,-0.1,0.21
989,2020-12-29,7.72,7.74,7.88,7.72,989,798556.0,2.06,-0.51,-0.04,0.15
990,2020-12-30,7.72,7.88,7.88,7.72,1253,1018411.0,2.07,1.81,0.14,0.19
991,2020-12-31,7.82,7.96,7.99,7.82,519,425744.0,2.16,1.02,0.08,0.08
992,2021-01-04,7.87,7.89,8.0,7.87,811,666566.0,1.63,-0.88,-0.07,0.12
993,2021-01-05,7.83,7.93,7.93,7.83,1179,963466.0,1.27,0.51,0.04,0.18
994,2021-01-06,7.92,7.88,7.99,7.81,1313,1072123.0,2.27,-0.63,-0.05,0.2
995,2021-01-07,7.86,7.75,7.92,7.71,1630,1320085.0,2.66,-1.65,-0.13,0.24
996,2021-01-08,7.71,7.75,7.8,7.71,625,503078.0,1.16,0.0,0.0,0.09
997,2021-01-11,7.71,7.68,7.75,7.62,1364,1089055.0,1.68,-0.9,-0.07,0.2
998,2021-01-12,7.6,7.7,7.7,7.55,924,730713.0,1.95,0.26,0.02,0.14
999,2021-01-13,7.57,7.69,7.71,7.31,1295,1024919.0,5.19,-0.13,-0.01,0.19
1000,2021-01-14,7.53,7.69,7.75,7.52,254,201577.0,2.99,0.0,0.0,0.04
1001,2021-01-15,7.69,7.76,7.85,7.69,464,374225.0,2.08,0.91,0.07,0.07
1002,2021-01-18,7.71,8.02,8.18,7.71,1477,1223896.0,6.06,3.35,0.26,0.22
1003,2021-01-19,8.16,8.18,8.27,8.03,1453,1228593.0,2.99,2.0,0.16,0.22
1004,2021-01-20,8.19,8.2,8.34,8.16,1403,1198562.0,2.2,0.24,0.02,0.21
1005,2021-01-21,8.36,8.31,8.37,8.23,1390,1193105.0,1.71,1.34,0.11,0.21
1006,2021-01-22,8.34,8.38,8.48,8.14,2160,1877329.0,4.09,0.84,0.07,0.32
1007,2021-01-25,8.38,8.24,8.4,8.23,1858,1600290.0,2.03,-1.67,-0.14,0.28
1008,2021-01-26,8.16,7.94,8.16,7.93,658,547918.0,2.79,-3.64,-0.3,0.1
1009,2021-01-27,7.92,8.05,8.14,7.91,710,589939.0,2.9,1.39,0.11,0.11
1010,2021-01-28,7.96,8.05,8.08,7.96,792,662514.0,1.49,0.0,0.0,0.12
1011,2021-01-29,8.04,8.08,8.13,7.99,953,799240.0,1.74,0.37,0.03,0.14
1012,2021-02-01,8.09,8.18,8.27,8.06,956,806536.0,2.6,1.24,0.1,0.14
1013,2021-02-02,8.2,8.36,8.42,8.17,2184,1892119.0,3.06,2.2,0.18,0.32
1014,2021-02-03,8.36,8.32,8.42,8.26,1142,985264.0,1.91,-0.48,-0.04,0.17
1015,2021-02-04,8.29,8.28,8.3,8.12,1026,876150.0,2.16,-0.48,-0.04,0.15
1016,2021-02-05,8.36,8.4,8.46,8.28,3486,3030644.0,2.17,1.45,0.12,0.52
1017,2021-02-08,8.3,8.29,8.4,8.05,1145,982311.0,4.17,-1.31,-0.11,0.17
1018,2021-02-09,8.21,8.09,8.22,7.82,1934,1620942.0,4.83,-2.41,-0.2,0.29
1019,2021-02-10,8.02,8.12,8.14,8.01,637,533658.0,1.61,0.37,0.03,0.09
1020,2021-02-18,8.1,8.19,8.2,8.09,1454,1225006.0,1.35,0.86,0.07,0.22
1021,2021-02-19,8.16,8.2,8.2,8.12,1190,1006070.0,0.98,0.12,0.01,0.18
1022,2021-02-22,8.2,8.18,8.22,8.08,2354,1992583.0,1.71,-0.24,-0.02,0.35
1023,2021-02-23,8.12,8.18,8.19,8.12,457,386577.0,0.86,0.0,0.0,0.07
1024,2021-02-24,8.18,8.18,8.19,8.12,1300,1099374.0,0.86,0.0,0.0,0.19
1025,2021-02-25,8.18,8.18,8.21,8.12,1368,1157838.0,1.1,0.0,0.0,0.2
1026,2021-02-26,8.18,8.31,8.39,8.12,1546,1327126.0,3.3,1.59,0.13,0.23
1027,2021-03-01,8.58,8.44,8.61,8.35,5560,4867267.0,3.13,1.56,0.13,0.83
1028,2021-03-02,8.42,8.51,8.67,8.42,4205,3731192.0,2.96,0.83,0.07,0.62
1029,2021-03-03,8.55,8.76,8.88,8.45,6054,5429631.0,5.05,2.94,0.25,0.9
1030,2021-03-04,8.77,8.74,8.87,8.71,4195,3805232.0,1.83,-0.23,-0.02,0.62
1031,2021-03-05,8.76,8.85,8.85,8.75,2274,2069670.0,1.14,1.26,0.11,0.34
1032,2021-03-08,8.9,8.92,9.22,8.9,5114,4802942.0,3.62,0.79,0.07,0.76
1033,2021-03-09,8.91,8.83,9.04,8.8,2333,2139995.0,2.69,-1.01,-0.09,0.35
1034,2021-03-10,8.84,8.79,8.95,8.77,2561,2339504.0,2.04,-0.45,-0.04,0.38
1035,2021-03-11,8.72,8.83,8.87,8.72,1704,1552808.0,1.71,0.46,0.04,0.25
1036,2021-03-12,8.89,9.01,9.06,8.8,2821,2598570.0,2.94,2.04,0.18,0.42
1037,2021-03-15,8.97,9.0,9.01,8.94,1527,1419167.0,0.78,-0.11,-0.01,0.23
1038,2021-03-16,8.91,9.15,9.22,8.91,1978,1872291.0,3.44,1.67,0.15,0.29
1039,2021-03-17,9.2,9.19,9.25,9.05,1203,1143967.0,2.19,0.44,0.04,0.18
1040,2021-03-18,9.15,9.39,9.55,9.15,2650,2560908.0,4.35,2.18,0.2,0.39
1041,2021-03-19,9.39,9.53,9.6,9.29,2157,2109564.0,3.3,1.49,0.14,0.32
1042,2021-03-22,9.53,9.95,9.99,9.53,3827,3879028.0,4.83,4.41,0.42,0.57
1043,2021-03-23,9.9,10.47,10.7,9.8,4943,5224779.0,9.05,5.23,0.52,0.73
1044,2021-03-24,10.47,10.32,10.77,10.31,3554,3858101.0,4.39,-1.43,-0.15,0.53
1045,2021-03-25,10.21,9.7,10.33,9.69,2916,2988896.0,6.2,-6.01,-0.62,0.43
1046,2021-03-26,9.62,9.82,9.95,9.62,1296,1316112.0,3.4,1.24,0.12,0.19
1047,2021-03-29,9.8,9.81,10.0,9.8,708,723273.0,2.04,-0.1,-0.01,0.11
1048,2021-03-30,9.82,9.85,9.85,9.6,1525,1523101.0,2.55,0.41,0.04,0.23
1049,2021-03-31,9.65,9.89,9.89,9.65,1034,1039039.0,2.44,0.41,0.04,0.15
1050,2021-04-01,9.78,9.75,9.88,9.72,701,704428.0,1.62,-1.42,-0.14,0.1
1051,2021-04-02,9.75,10.07,10.09,9.75,621,639474.0,3.49,3.28,0.32,0.09
1052,2021-04-06,10.38,10.15,10.38,9.95,905,944538.0,4.27,0.79,0.08,0.13
1053,2021-04-07,10.0,10.68,10.68,10.0,1756,1889847.0,6.7,5.22,0.53,0.26
1054,2021-04-08,10.62,11.08,11.15,10.62,2197,2455318.0,4.96,3.75,0.4,0.33
1055,2021-04-09,10.91,11.67,11.67,10.91,3341,3933638.0,6.86,5.32,0.59,0.5
1056,2021-04-12,11.6,12.37,12.59,11.6,4785,5952479.0,8.48,6.0,0.7,0.71
1057,2021-04-13,12.4,11.69,12.49,11.21,3309,3987921.0,10.35,-5.5,-0.68,0.49
1058,2021-04-14,11.6,11.91,12.08,11.31,1887,2299533.0,6.59,1.88,0.22,0.28
1059,2021-04-15,11.82,11.79,11.82,11.4,1307,1550516.0,3.53,-1.01,-0.12,0.19
1060,2021-04-16,11.78,11.65,11.88,11.51,857,1025652.0,3.14,-1.19,-0.14,0.13
1061,2021-04-19,11.55,11.66,11.96,11.55,1657,1991918.0,3.52,0.09,0.01,0.25
1062,2021-04-20,11.6,11.36,11.69,11.36,1367,1610101.0,2.83,-2.57,-0.3,0.2
1063,2021-04-21,11.31,11.1,11.45,11.01,1505,1731991.0,3.87,-2.29,-0.26,0.22
1064,2021-04-22,11.1,11.3,11.38,11.0,1510,1729485.0,3.42,1.8,0.2,0.22
1065,2021-04-23,11.2,11.2,11.3,11.11,251,288085.0,1.68,-0.88,-0.1,0.04
1066,2021-04-26,11.2,11.69,11.69,11.2,1164,1376884.0,4.38,4.38,0.49,0.17
1067,2021-04-27,11.7,11.54,11.71,11.36,825,971895.0,2.99,-1.28,-0.15,0.12
1068,2021-04-28,11.31,11.13,11.48,11.11,1392,1613035.0,3.21,-3.55,-0.41,0.21
1069,2021-04-29,11.21,11.09,11.4,11.0,979,1114361.0,3.59,-0.36,-0.04,0.15
1070,2021-04-30,11.0,11.19,11.19,11.0,474,537298.0,1.71,0.9,0.1,0.07
1071,2021-05-06,11.2,11.16,11.21,11.1,440,503348.0,0.98,-0.27,-0.03,0.07
1072,2021-05-07,10.91,11.03,11.25,10.91,826,940078.0,3.05,-1.16,-0.13,0.12
1073,2021-05-10,11.2,11.22,11.56,11.18,1080,1254890.0,3.45,1.72,0.19,0.16
1074,2021-05-11,11.23,11.2,11.4,11.08,705,810454.0,2.85,-0.18,-0.02,0.1
1075,2021-05-12,11.2,11.2,11.3,11.17,173,199543.0,1.16,0.0,0.0,0.03
1076,2021-05-13,11.2,11.21,11.35,11.17,461,531914.0,1.61,0.09,0.01,0.07
1077,2021-05-14,11.2,11.34,11.49,11.2,330,381234.0,2.59,1.16,0.13,0.05
1078,2021-05-17,11.31,11.5,11.55,11.21,1936,2262540.0,3.0,1.41,0.16,0.29
1079,2021-05-18,11.29,11.35,11.36,11.28,692,803506.0,0.7,-1.3,-0.15,0.1
1080,2021-05-19,11.26,11.4,11.57,11.21,875,1015559.0,3.17,0.44,0.05,0.13
1081,2021-05-20,11.38,11.32,11.51,11.25,1248,1435490.0,2.28,-0.7,-0.08,0.19
1082,2021-05-21,10.85,11.25,11.36,10.85,1881,2160556.0,4.51,-0.62,-0.07,0.28
1083,2021-05-24,11.2,11.08,11.23,10.85,912,1026525.0,3.38,-1.51,-0.17,0.14
1084,2021-05-25,11.1,11.2,11.35,10.96,1069,1217418.0,3.52,1.08,0.12,0.16
1085,2021-05-26,11.1,11.24,11.5,11.1,1745,1987934.0,3.57,0.36,0.04,0.26
1086,2021-05-27,11.04,11.3,11.33,11.04,519,591191.0,2.58,0.53,0.06,0.08
1087,2021-05-28,11.3,11.3,11.3,11.12,723,821901.0,1.59,0.0,0.0,0.11
1088,2021-05-31,11.3,11.37,11.44,11.28,798,917406.0,1.42,0.62,0.07,0.12
1089,2021-06-01,11.2,11.18,11.35,11.16,1339,1524623.0,1.67,-1.67,-0.19,0.2
1090,2021-06-02,11.18,11.22,11.34,11.08,1961,2225931.0,2.33,0.36,0.04,0.29
1091,2021-06-03,11.14,11.27,11.28,11.14,1608,1828765.0,1.25,0.45,0.05,0.24
1092,2021-06-04,11.4,11.29,11.41,11.19,3879,4444060.0,1.95,0.18,0.02,0.58
1093,2021-06-07,11.3,11.77,11.84,11.3,5757,6790405.0,4.78,4.25,0.48,0.86
1094,2021-06-08,11.92,12.28,12.43,11.85,4129,5129334.0,4.93,4.33,0.51,0.61
1095,2021-06-09,11.91,12.31,12.31,11.91,3940,4847568.0,3.26,0.24,0.03,0.59
1096,2021-06-10,12.33,12.09,12.34,12.0,5564,6852727.0,2.76,-1.79,-0.22,0.83
1097,2021-06-11,11.97,12.03,12.3,11.9,2820,3450856.0,3.31,-0.5,-0.06,0.42
1098,2021-06-15,12.05,12.21,12.33,12.03,3714,4580081.0,2.49,1.5,0.18,0.55
1099,2021-06-16,12.11,11.78,12.35,11.65,3643,4444729.0,5.73,-3.52,-0.43,0.54
1100,2021-06-17,11.73,11.91,12.04,11.73,2409,2899809.0,2.63,1.1,0.13,0.36
1101,2021-06-18,11.86,12.21,12.21,11.86,2763,3356515.0,2.94,2.52,0.3,0.41
1102,2021-06-21,12.0,12.15,12.2,12.0,1260,1544787.0,1.64,-0.49,-0.06,0.19
1103,2021-06-22,11.94,12.24,12.32,11.94,1974,2444825.0,3.13,0.74,0.09,0.29
1104,2021-06-23,12.07,12.21,12.25,12.07,2482,3058674.0,1.47,-0.25,-0.03,0.37
1105,2021-06-24,12.07,12.05,12.24,11.95,4778,5419224.0,2.38,-1.31,-0.16,0.71
1106,2021-06-25,12.06,12.01,12.24,11.85,3321,4032084.0,3.24,-0.33,-0.04,0.49
1107,2021-06-28,12.01,12.06,12.2,12.01,3392,4164656.0,1.58,0.42,0.05,0.5
1108,2021-06-29,12.03,12.0,12.15,11.89,2379,2892895.0,2.16,-0.5,-0.06,0.35
1109,2021-06-30,11.93,12.0,12.06,11.88,1083,1311774.0,1.5,0.0,0.0,0.16
1110,2021-07-01,11.96,12.04,12.2,11.96,2002,2448142.0,2.0,0.33,0.04,0.3
1111,2021-07-02,12.04,12.26,12.43,12.01,2999,3710389.0,3.49,1.83,0.22,0.45
1112,2021-07-05,12.23,12.8,12.81,12.23,4485,5719694.0,4.73,4.4,0.54,0.67
1113,2021-07-06,12.8,12.85,12.93,12.55,2892,3737230.0,2.97,0.39,0.05,0.43
1114,2021-07-07,12.93,12.8,12.93,12.73,1481,1926654.0,1.56,-0.39,-0.05,0.22
1115,2021-07-08,12.57,12.88,13.01,12.57,2451,3201726.0,3.44,0.63,0.08,0.36
1116,2021-07-09,12.88,13.65,13.74,12.88,2186,2972606.0,6.68,5.98,0.77,0.32
1117,2021-07-12,13.95,14.34,14.75,13.75,3472,5046603.0,7.33,5.05,0.69,0.52
1118,2021-07-13,14.38,14.28,14.79,14.25,2766,4058372.0,3.77,-0.42,-0.06,0.41
1119,2021-07-14,14.34,14.23,14.47,14.15,1314,1901915.0,2.24,-0.35,-0.05,0.2
1120,2021-07-15,13.81,14.27,14.34,13.81,964,1377618.0,3.72,0.28,0.04,0.14
1121,2021-07-16,14.0,14.3,14.45,13.98,523,747846.0,3.29,0.21,0.03,0.08
1122,2021-07-19,14.53,13.5,14.81,11.95,6051,8845428.0,20.0,-5.59,-0.8,0.9
1123,2021-07-20,13.65,14.0,14.21,13.26,4769,6630645.0,7.04,3.7,0.5,0.71
1124,2021-07-21,14.01,15.0,15.15,14.01,10551,15717198.0,8.14,7.14,1.0,1.57
1125,2021-07-22,14.74,14.56,15.0,14.28,5578,8172484.0,4.8,-2.93,-0.44,0.83
1126,2021-07-23,14.56,14.63,14.83,14.26,4552,6615869.0,3.91,0.48,0.07,0.68
1127,2021-07-26,14.75,14.7,15.4,14.7,7026,10645986.0,4.78,0.48,0.07,1.04
1128,2021-07-27,14.71,14.44,15.06,14.43,2448,3618195.0,4.29,-1.77,-0.26,0.36
1129,2021-07-28,14.27,13.74,14.45,13.65,4507,6364375.0,5.54,-4.85,-0.7,0.67
1130,2021-07-29,14.15,14.32,14.63,13.7,2390,3444772.0,6.77,4.22,0.58,0.36
1131,2021-07-30,14.62,14.47,14.62,14.37,1913,2799668.0,1.75,1.05,0.15,0.28
1132,2021-08-02,14.47,14.85,15.05,14.25,1960,2879739.0,5.53,2.63,0.38,0.29
1133,2021-08-03,15.13,15.12,15.43,14.86,3261,4997986.0,3.84,1.82,0.27,0.48
1134,2021-08-04,15.13,15.1,15.24,14.81,4714,7189469.0,2.84,-0.13,-0.02,0.7
1135,2021-08-05,15.1,15.05,15.47,14.95,4672,7174001.0,3.44,-0.33,-0.05,0.69
1136,2021-08-06,15.05,14.71,15.45,14.61,2224,3318553.0,5.58,-2.26,-0.34,0.33
1137,2021-08-09,15.03,15.54,15.54,14.55,4470,6845894.0,6.73,5.64,0.83,0.66
1138,2021-08-10,15.38,16.15,16.23,15.25,3789,6041038.0,6.31,3.93,0.61,0.56
1139,2021-08-11,15.87,16.35,16.61,15.87,2842,4673216.0,4.58,1.24,0.2,0.42
1140,2021-08-12,16.86,19.95,19.98,16.85,12803,23773976.0,19.14,22.02,3.6,1.9
1141,2021-08-13,19.95,21.6,21.8,19.36,12621,26502802.0,12.23,8.27,1.65,1.87
1142,2021-08-16,21.6,20.95,21.73,20.07,3609,7545113.0,7.69,-3.01,-0.65,0.54
1143,2021-08-17,20.36,19.95,20.7,19.45,5661,11420072.0,5.97,-4.77,-1.0,0.84
1144,2021-08-18,19.86,19.05,20.0,18.95,3004,5867535.0,5.26,-4.51,-0.9,0.45
1145,2021-08-19,18.95,19.61,19.64,18.95,867,1695292.0,3.62,2.94,0.56,0.13
1146,2021-08-20,18.86,20.58,20.65,18.86,1980,3953532.0,9.13,4.95,0.97,0.29
1147,2021-08-23,20.45,19.63,21.08,18.76,7025,13727239.0,11.27,-4.62,-0.95,1.04
1148,2021-08-24,18.98,19.64,19.8,18.98,1726,3387809.0,4.18,0.05,0.01,0.26
1149,2021-08-25,19.07,19.45,19.54,18.93,2329,4500970.0,3.11,-0.97,-0.19,0.35
1150,2021-08-26,19.55,18.75,19.55,18.43,3287,6221744.0,5.76,-3.6,-0.7,0.49
1151,2021-08-27,20.2,18.57,20.65,18.3,10993,21913628.0,12.53,-0.96,-0.18,1.63
1152,2021-08-30,18.82,17.41,18.82,17.1,7275,12908622.0,9.26,-6.25,-1.16,1.08
1153,2021-08-31,17.64,17.67,18.02,17.45,2621,4664955.0,3.27,1.49,0.26,0.39
1154,2021-09-01,17.62,18.24,18.25,17.61,5533,9990470.0,3.62,3.23,0.57,0.82
1155,2021-09-02,18.38,19.55,19.55,18.15,7516,14106673.0,7.68,7.18,1.31,1.12
1156,2021-09-03,20.39,18.35,20.66,17.66,10304,19552978.0,15.35,-6.14,-1.2,1.53
1157,2021-09-06,18.53,19.72,21.01,18.4,10710,21255291.0,14.22,7.47,1.37,1.59
1158,2021-09-07,19.85,19.12,19.85,18.33,6268,11864120.0,7.71,-3.04,-0.6,0.93
1159,2021-09-08,18.73,18.81,19.13,18.56,2802,5279662.0,2.98,-1.62,-0.31,0.42
1160,2021-09-09,18.95,20.18,20.18,18.6,7453,14750716.0,8.4,7.28,1.37,1.11
1161,2021-09-10,20.03,20.0,20.52,19.02,5429,10886228.0,7.43,-0.89,-0.18,0.81
1162,2021-09-13,19.85,19.29,19.85,19.03,2814,5453256.0,4.1,-3.55,-0.71,0.42
1163,2021-09-14,19.25,19.27,19.33,19.0,1421,2733707.0,1.71,-0.1,-0.02,0.21
1164,2021-09-15,19.41,19.48,19.85,19.07,1923,3772970.0,4.05,1.09,0.21,0.29
1165,2021-09-16,19.64,19.53,19.64,19.15,1609,3150959.0,2.52,0.26,0.05,0.24
1166,2021-09-17,19.16,19.65,19.83,19.16,1682,3336581.0,3.43,0.61,0.12,0.25
1167,2021-09-22,19.65,19.21,19.85,19.11,2456,4782931.0,3.77,-2.24,-0.44,0.36
1168,2021-09-23,19.23,19.78,19.82,19.22,2093,4101591.0,3.12,2.97,0.57,0.31
1169,2021-09-24,19.92,19.8,20.35,19.68,2454,4882119.0,3.39,0.1,0.02,0.36
1170,2021-09-27,19.8,18.93,19.8,18.45,2766,5251517.0,6.82,-4.39,-0.87,0.41
1171,2021-09-28,18.93,19.05,19.05,18.5,1119,2106852.0,2.91,0.63,0.12,0.17
1172,2021-09-29,18.52,19.22,19.22,18.52,1107,2095382.0,3.67,0.89,0.17,0.16
1173,2021-09-30,19.21,20.4,20.58,19.21,5844,11820694.0,7.13,6.14,1.18,0.87
1174,2021-10-08,20.66,22.24,22.45,20.66,15395,33154491.0,8.77,9.02,1.84,2.29
1175,2021-10-11,21.66,23.4,23.58,21.66,8279,19121868.0,8.63,5.22,1.16,1.23
1176,2021-10-12,23.41,23.95,24.69,23.03,8386,20184580.0,7.09,2.35,0.55,1.25
1177,2021-10-13,23.28,24.45,24.45,23.25,7119,17148425.0,5.01,2.09,0.5,1.06
1178,2021-10-14,24.0,24.58,24.61,23.64,6419,15666460.0,3.97,0.53,0.13,0.95
1179,2021-10-15,24.58,25.18,25.18,24.0,5723,14152546.0,4.8,2.44,0.6,0.85
1180,2021-10-18,24.53,24.0,25.16,23.01,5515,13305743.0,8.54,-4.69,-1.18,0.82
1181,2021-10-19,23.91,22.8,23.91,22.5,4326,9982404.0,5.88,-5.0,-1.2,0.64
1182,2021-10-20,22.81,22.5,22.81,21.82,3066,6857764.0,4.34,-1.32,-0.3,0.46
1183,2021-10-21,22.99,24.48,26.0,22.99,10104,24754348.0,13.38,8.8,1.98,1.5
1184,2021-10-22,24.49,25.0,25.26,24.0,6124,15163274.0,5.15,2.12,0.52,0.91
1185,2021-10-25,24.5,24.8,25.0,23.01,4022,9834318.0,7.96,-0.8,-0.2,0.6
1186,2021-10-26,24.61,23.8,24.99,23.21,3222,7714764.0,7.18,-4.03,-1.0,0.48
1187,2021-10-27,23.97,23.69,23.97,23.1,1378,3221042.0,3.66,-0.46,-0.11,0.2
1188,2021-10-28,23.03,23.45,23.69,22.93,2326,5373891.0,3.21,-1.01,-0.24,0.35
1189,2021-10-29,22.8,23.99,23.99,22.8,2662,6740210.0,5.07,2.3,0.54,0.4
1190,2021-11-01,24.02,24.7,24.96,23.53,4730,11474406.0,5.96,2.96,0.71,0.7
1191,2021-11-02,24.09,24.69,24.87,24.09,801,1965638.0,3.16,-0.04,-0.01,0.12
1192,2021-11-03,24.69,24.63,24.8,24.19,1474,3637490.0,2.47,-0.24,-0.06,0.22
1193,2021-11-04,24.21,24.96,24.98,24.21,6101,15108193.0,3.13,1.34,0.33,0.91
1194,2021-11-05,24.57,24.79,24.98,24.37,4592,11322735.0,2.44,-0.68,-0.17,0.68
1195,2021-11-08,24.92,24.82,25.04,24.54,7037,17454405.0,2.02,0.12,0.03,1.05
1196,2021-11-09,24.84,23.99,24.96,23.9,8502,20733486.0,4.27,-3.34,-0.83,1.26
1197,2021-11-10,23.53,24.0,24.2,23.51,4426,10590205.0,2.88,0.04,0.01,0.66
1198,2021-11-11,24.02,25.94,25.94,23.84,9015,22352263.0,8.75,8.08,1.94,1.34
1199,2021-11-12,25.16,27.0,27.0,25.16,8413,22084632.0,7.09,4.09,1.06,1.25
1200,2021-11-15,26.95,24.87,26.95,23.91,12239,30549277.0,11.26,-7.89,-2.13,1.82
1201,2021-11-16,24.8,23.7,24.8,23.0,6270,14950347.0,7.24,-4.7,-1.17,0.93
1202,2021-11-17,23.51,23.45,23.98,23.18,2454,5770762.0,3.38,-1.05,-0.25,0.36
1203,2021-11-18,23.96,23.41,23.97,22.96,2682,6217747.0,4.31,-0.17,-0.04,0.4
1204,2021-11-19,23.5,23.97,23.97,22.73,3728,8743691.0,5.3,2.39,0.56,0.55
1205,2021-11-22,23.91,24.5,24.78,23.46,2399,5704816.0,5.51,2.21,0.53,0.36
1206,2021-11-23,24.48,24.93,24.97,23.9,4348,10619863.0,4.37,1.76,0.43,0.65
1207,2021-11-24,24.59,25.99,26.09,24.59,5985,15366957.0,6.02,4.25,1.06,0.89
1208,2021-11-25,26.0,28.44,28.47,26.0,15213,42353001.0,9.5,9.43,2.45,2.26
1209,2021-11-26,28.59,26.74,28.6,26.66,8912,24182510.0,6.82,-5.98,-1.7,1.32
1210,2021-11-29,26.74,26.55,26.74,24.1,5449,14045772.0,9.87,-0.71,-0.19,0.81
1211,2021-11-30,25.95,25.81,26.42,25.25,4937,12825851.0,4.41,-2.79,-0.74,0.73
1212,2021-12-01,26.1,25.6,26.1,25.41,3591,9205443.0,2.67,-0.81,-0.21,0.53
1213,2021-12-02,25.12,26.28,26.28,25.12,2096,5418197.0,4.53,2.66,0.68,0.31
1214,2021-12-03,26.28,26.0,26.98,25.9,3188,8344581.0,4.11,-1.07,-0.28,0.47
1215,2021-12-06,26.0,25.44,26.34,24.99,3338,8474616.0,5.19,-2.15,-0.56,0.5
1216,2021-12-07,25.02,24.68,25.34,24.21,3368,8336332.0,4.44,-2.99,-0.76,0.5
1217,2021-12-08,24.68,25.5,25.68,24.1,2581,6445345.0,6.4,3.32,0.82,0.38
1218,2021-12-09,25.5,25.43,25.85,25.1,2824,7164688.0,2.94,-0.27,-0.07,0.42
1219,2021-12-10,25.4,24.86,25.4,24.66,2398,5985107.0,2.91,-2.24,-0.57,0.36
